{
"type": "FeatureCollection",
"name": "visited_countries",
"crs": { "type": "name", "properties": { "name": "urn:ogc:def:crs:OGC:1.3:CRS84" } },
"features": [
{ "type": "Feature", "properties": { "geo_point_2d": { "lon": 103.9040560317203, "lat": 36.56790870229093 }, "iso3": "CHN", "status": "Member State", "color_code": "CHN", "name": "China", "continent": "Asia", "region": "Eastern Asia", "iso_3166_1_alpha_2_codes": "CN", "french_short": "Chine", "iso2": "CN" }, "geometry": { "type": "MultiPolygon", "coordinates": [ [ [ [ 110.66554, 20.13361 ], [ 110.77859, 20.00958 ], [ 110.85082, 19.98888 ], [ 110.92602, 20.00375 ], [ 110.96805, 19.89027 ], [ 111.02155, 19.63829 ], [ 110.96775, 19.63166 ], [ 110.85498, 19.52888 ], [ 110.82208, 19.54666 ], [ 110.72748, 19.41083 ], [ 110.66858, 19.35666 ], [ 110.5836, 19.15628 ], [ 110.52255, 19.14849 ], [ 110.48322, 19.16761 ], [ 110.49878, 19.13456 ], [ 110.52324, 19.12377 ], [ 110.54399, 19.14016 ], [ 110.57947, 19.13929 ], [ 110.4891, 18.91083 ], [ 110.52554, 18.80083 ], [ 110.39638, 18.70361 ], [ 110.20694, 18.62722 ], [ 110.1072, 18.54222 ], [ 110.05026, 18.3852 ], [ 109.99915, 18.37367 ], [ 109.91499, 18.41944 ], [ 109.75944, 18.39152 ], [ 109.70388, 18.25972 ], [ 109.73803, 18.24548 ], [ 109.72221, 18.21611 ], [ 109.70359, 18.19777 ], [ 109.67728, 18.23736 ], [ 109.62956, 18.22666 ], [ 109.56667, 18.16888 ], [ 109.54471, 18.22111 ], [ 109.46305, 18.2768 ], [ 109.32902, 18.30319 ], [ 109.22276, 18.30305 ], [ 108.95777, 18.39472 ], [ 108.80415, 18.47805 ], [ 108.68706, 18.50562 ], [ 108.67359, 18.5634 ], [ 108.69638, 18.62833 ], [ 108.6933, 18.71499 ], [ 108.61763, 19.08875 ], [ 108.62832, 19.28028 ], [ 108.69414, 19.37888 ], [ 108.76443, 19.38847 ], [ 108.93845, 19.51743 ], [ 109.00804, 19.59416 ], [ 109.08741, 19.61159 ], [ 109.16026, 19.64958 ], [ 109.29387, 19.76 ], [ 109.30102, 19.78354 ], [ 109.27276, 19.78708 ], [ 109.16526, 19.7236 ], [ 109.16914, 19.80694 ], [ 109.2572, 19.89972 ], [ 109.30026, 19.91923 ], [ 109.45596, 19.86048 ], [ 109.46582, 19.82861 ], [ 109.51776, 19.88055 ], [ 109.52623, 19.94472 ], [ 109.61081, 19.99389 ], [ 109.7187, 20.00309 ], [ 109.73581, 19.97527 ], [ 109.78581, 19.96555 ], [ 109.93664, 19.9918 ], [ 109.97693, 19.94722 ], [ 110.01694, 19.9486 ], [ 110.09387, 19.97304 ], [ 110.15325, 20.06 ], [ 110.36998, 20.0525 ], [ 110.51332, 20.01472 ], [ 110.56958, 20.03208 ], [ 110.57097, 20.08902 ], [ 110.66554, 20.13361 ] ] ], [ [ [ 110.54844, 21.06069 ], [ 110.51944, 20.97138 ], [ 110.49803, 20.95583 ], [ 110.44525, 21.00194 ], [ 110.3436, 21.00333 ], [ 110.27748, 20.97027 ], [ 110.24846, 20.98055 ], [ 110.24776, 21.02277 ], [ 110.27387, 21.05416 ], [ 110.32916, 21.07555 ], [ 110.37916, 21.08 ], [ 110.41859, 21.05278 ], [ 110.51374, 21.08139 ], [ 110.54844, 21.06069 ] ] ], [ [ [ 110.49831, 21.1952 ], [ 110.46506, 21.18048 ], [ 110.53137, 21.1986 ], [ 110.6115, 21.19382 ], [ 110.56721, 21.11611 ], [ 110.53693, 21.09749 ], [ 110.44249, 21.15708 ], [ 110.45471, 21.20139 ], [ 110.48304, 21.20847 ], [ 110.49831, 21.1952 ] ] ], [ [ [ 111.99524, 21.61527 ], [ 111.80582, 21.56389 ], [ 111.83861, 21.64139 ], [ 112.00082, 21.65375 ], [ 111.99524, 21.61527 ] ] ], [ [ [ 112.80582, 21.65333 ], [ 112.79358, 21.57416 ], [ 112.767340000000104, 21.57611 ], [ 112.72873, 21.61472 ], [ 112.70276, 21.68472 ], [ 112.77902, 21.76833 ], [ 112.86887, 21.76319 ], [ 112.80582, 21.65333 ] ] ], [ [ [ 113.58804, 22.75055 ], [ 113.55193, 22.75555 ], [ 113.45055, 22.82638 ], [ 113.38921, 22.89423 ], [ 113.42581, 22.90833 ], [ 113.4922, 22.89444 ], [ 113.60477, 22.76677 ], [ 113.58804, 22.75055 ] ] ], [ [ [ 117.12165, 23.40076 ], [ 117.0336, 23.40389 ], [ 116.9536, 23.42055 ], [ 116.94511, 23.43451 ], [ 116.9654, 23.45805 ], [ 117.10055, 23.4893 ], [ 117.12969, 23.44777 ], [ 117.12165, 23.40076 ] ] ], [ [ [ 117.40138, 23.7718 ], [ 117.48665, 23.75597 ], [ 117.50665, 23.72569 ], [ 117.39415, 23.58527 ], [ 117.35679, 23.56986 ], [ 117.31053, 23.58194 ], [ 117.36984, 23.76222 ], [ 117.40138, 23.7718 ] ] ], [ [ [ 118.13013, 24.42638 ], [ 118.06302, 24.45472 ], [ 118.09685, 24.55215 ], [ 118.1783, 24.52916 ], [ 118.18852, 24.49194 ], [ 118.13013, 24.42638 ] ] ], [ [ [ 119.77964, 25.65555 ], [ 119.84262, 25.54194 ], [ 119.80533, 25.52791 ], [ 119.76034, 25.40367 ], [ 119.69638, 25.42805 ], [ 119.6697, 25.48194 ], [ 119.69192, 25.59875 ], [ 119.72304, 25.63889 ], [ 119.75693, 25.66083 ], [ 119.77964, 25.65555 ] ] ], [ [ [ 121.18942, 28.04916 ], [ 121.12831, 28.05944 ], [ 121.12109, 28.13583 ], [ 121.20096, 28.20409 ], [ 121.23804, 28.2011 ], [ 121.26541, 28.18235 ], [ 121.23944, 28.08694 ], [ 121.18942, 28.04916 ] ] ], [ [ [ 122.109290000000101, 29.78861 ], [ 122.18193, 29.69805 ], [ 122.16846, 29.65389 ], [ 122.12734, 29.66541 ], [ 122.10075, 29.71492 ], [ 122.06568, 29.72527 ], [ 122.03367, 29.71354 ], [ 122.058450000000107, 29.77625 ], [ 122.109290000000101, 29.78861 ] ] ], [ [ [ 122.32402, 30.02083 ], [ 122.29388, 29.93264 ], [ 122.27811, 29.93125 ], [ 122.23719, 29.97111 ], [ 122.17582, 29.99388 ], [ 122.07028, 30.01514 ], [ 122.00804, 30.00444 ], [ 121.96984, 30.05639 ], [ 121.96367, 30.13902 ], [ 122.16318, 30.11986 ], [ 122.28692, 30.0675 ], [ 122.32402, 30.02083 ] ] ], [ [ [ 122.21318, 30.24291 ], [ 122.14249, 30.25 ], [ 122.07888, 30.295 ], [ 122.1172, 30.31889 ], [ 122.20984, 30.33958 ], [ 122.23526, 30.31111 ], [ 122.21318, 30.24291 ] ] ], [ [ [ 121.831100000000106, 31.45277 ], [ 121.74971, 31.46472 ], [ 121.54638, 31.53111 ], [ 121.401930000000107, 31.59833 ], [ 121.2986, 31.66888 ], [ 121.20386, 31.80054 ], [ 121.23915, 31.81708 ], [ 121.33306, 31.81833 ], [ 121.4586, 31.75528 ], [ 121.48664, 31.71583 ], [ 121.46665, 31.70555 ], [ 121.49359, 31.675 ], [ 121.5647, 31.63583 ], [ 121.854290000000105, 31.54528 ], [ 121.87359, 31.49972 ], [ 121.831100000000106, 31.45277 ] ] ], [ [ [ 119.835, 32.25027 ], [ 119.89735, 32.07111 ], [ 119.78532, 32.12881 ], [ 119.8196, 32.19235 ], [ 119.71851, 32.24604 ], [ 119.71274, 32.26674 ], [ 119.76389, 32.29194 ], [ 119.80027, 32.28388 ], [ 119.835, 32.25027 ] ] ], [ [ [ 121.45152, 39.44464 ], [ 121.43499, 39.38874 ], [ 121.40942, 39.36138 ], [ 121.29802, 39.38999 ], [ 121.259010000000103, 39.38041 ], [ 121.26333, 39.43596 ], [ 121.3372, 39.4786 ], [ 121.41401, 39.47666 ], [ 121.45152, 39.44464 ] ] ], [ [ [ 130.60437, 42.42186 ], [ 130.56748, 42.44305 ], [ 130.51416, 42.56805 ], [ 130.32845, 42.6418 ], [ 130.24678, 42.71415 ], [ 130.23622, 42.78624 ], [ 130.25142, 42.88794 ], [ 129.90459, 43.00457 ], [ 129.87767, 42.99179 ], [ 129.84705, 42.94248 ], [ 129.75332, 42.71388 ], [ 129.72551, 42.54749 ], [ 129.72828, 42.4754 ], [ 129.69553, 42.43582 ], [ 129.5147, 42.38694 ], [ 129.44511, 42.43277 ], [ 129.34927, 42.44624 ], [ 129.24606, 42.37582 ], [ 129.20942, 42.26583 ], [ 129.21122, 42.2213 ], [ 129.11441, 42.13944 ], [ 128.95809, 42.07839 ], [ 128.92692, 42.02736 ], [ 128.683090000000107, 42.02103 ], [ 128.49705, 41.99554 ], [ 128.42249, 42.0286 ], [ 128.27552, 42.03833 ], [ 128.05664, 42.00124 ], [ 128.06079, 41.91055 ], [ 128.09843, 41.80305 ], [ 128.15566, 41.71457 ], [ 128.26944, 41.63694 ], [ 128.30025, 41.58284 ], [ 128.22247, 41.4411 ], [ 128.1529, 41.38124 ], [ 128.11434, 41.37179 ], [ 128.04413, 41.38944 ], [ 127.92803, 41.44735 ], [ 127.83527, 41.40999 ], [ 127.69415, 41.41313 ], [ 127.27083, 41.47249 ], [ 127.15942, 41.52999 ], [ 127.13498, 41.5936 ], [ 127.05703, 41.6435 ], [ 127.06081, 41.6911 ], [ 127.04803, 41.70833 ], [ 126.92762, 41.79611 ], [ 126.90471, 41.79222 ], [ 126.8479, 41.73583 ], [ 126.71276, 41.6911 ], [ 126.56607, 41.61176 ], [ 126.58318, 41.57083 ], [ 126.51026, 41.38999 ], [ 126.36693, 41.27569 ], [ 126.30998, 41.21444 ], [ 126.27915, 41.15277 ], [ 126.12468, 41.03472 ], [ 126.01179, 40.89694 ], [ 125.70311, 40.85997 ], [ 125.60386, 40.75583 ], [ 125.45749, 40.70332 ], [ 125.41269, 40.6538 ], [ 125.36914, 40.63999 ], [ 125.2861, 40.64749 ], [ 125.04276, 40.5375 ], [ 125.02471, 40.49416 ], [ 125.03997, 40.46068 ], [ 124.88512, 40.47037 ], [ 124.71099, 40.30701 ], [ 124.62692, 40.28361 ], [ 124.55471, 40.24222 ], [ 124.36796, 40.09444 ], [ 124.36275, 40.00958 ], [ 124.34444, 39.98193 ], [ 124.29166, 39.92777 ], [ 124.128020000000106, 39.82777 ], [ 123.98526, 39.80999 ], [ 123.69803, 39.83166 ], [ 123.55109, 39.7686 ], [ 123.40694, 39.73443 ], [ 123.37803, 39.77749 ], [ 123.24221, 39.8143 ], [ 123.20999, 39.74888 ], [ 123.2638, 39.6993 ], [ 123.21666, 39.67388 ], [ 122.99582, 39.63568 ], [ 122.96555, 39.60916 ], [ 122.81442, 39.58194 ], [ 122.45845, 39.40999 ], [ 122.39862, 39.41166 ], [ 122.28777, 39.34582 ], [ 122.13136, 39.14111 ], [ 121.94671, 39.0352 ], [ 121.91359, 39.04722 ], [ 121.72401, 39.03027 ], [ 121.64804, 38.99638 ], [ 121.65485, 38.92569 ], [ 121.7104, 38.89013 ], [ 121.69818, 38.8611 ], [ 121.44775, 38.80638 ], [ 121.33609, 38.81249 ], [ 121.23984, 38.77152 ], [ 121.18734, 38.71909 ], [ 121.13828, 38.73218 ], [ 121.12164, 38.76277 ], [ 121.08867, 38.91221 ], [ 121.127480000000105, 38.94367 ], [ 121.18609, 38.94777 ], [ 121.21852, 38.93416 ], [ 121.67943, 39.09013 ], [ 121.6879, 39.11833 ], [ 121.5961, 39.18381 ], [ 121.59943, 39.2186 ], [ 121.7511, 39.35166 ], [ 121.50915, 39.36735 ], [ 121.48387, 39.3925 ], [ 121.46381, 39.46443 ], [ 121.43166, 39.51167 ], [ 121.35359, 39.52208 ], [ 121.3097, 39.49777 ], [ 121.22834, 39.52846 ], [ 121.29914, 39.58167 ], [ 121.46193, 39.62666 ], [ 121.533, 39.62322 ], [ 121.5342, 39.68572 ], [ 121.50389, 39.68443 ], [ 121.45541, 39.7436 ], [ 121.46832, 39.81138 ], [ 121.539990000000103, 39.86124 ], [ 121.69692, 39.92569 ], [ 121.78137, 39.92055 ], [ 121.88095, 40.00305 ], [ 122.105820000000108, 40.24388 ], [ 122.28777, 40.47193 ], [ 122.29866, 40.50562 ], [ 122.13136, 40.67999 ], [ 122.05213, 40.73874 ], [ 121.75139, 40.84083 ], [ 121.55893, 40.84131 ], [ 121.523870000000102, 40.88804 ], [ 121.36373, 40.93138 ], [ 121.17747, 40.92193 ], [ 121.08167, 40.83943 ], [ 120.96986, 40.81534 ], [ 120.93636, 40.7502 ], [ 120.95247, 40.72756 ], [ 120.9961, 40.7302 ], [ 121.03242, 40.71103 ], [ 120.9286, 40.675 ], [ 120.82582, 40.6611 ], [ 120.54012, 40.39256 ], [ 120.49803, 40.2386 ], [ 120.44679, 40.1961 ], [ 119.94637, 40.04055 ], [ 119.85138, 39.98221 ], [ 119.65749, 39.92999 ], [ 119.52645, 39.87242 ], [ 119.3395, 39.71208 ], [ 119.25583, 39.5511 ], [ 119.25569, 39.40673 ], [ 119.132750000000101, 39.3186 ], [ 118.97152, 39.15693 ], [ 118.89901, 39.12395 ], [ 118.96749, 39.19013 ], [ 118.84082, 39.17916 ], [ 118.75512, 39.14402 ], [ 118.60915, 39.18929 ], [ 118.54414, 39.16207 ], [ 118.50812, 39.12305 ], [ 118.32728, 39.04083 ], [ 118.2416300000001, 39.07381 ], [ 118.21666, 39.13277 ], [ 118.15006, 39.1911 ], [ 118.05526, 39.22305 ], [ 117.889, 39.19846 ], [ 117.79942, 39.15332 ], [ 117.743880000000104, 39.105 ], [ 117.72317, 39.02443 ], [ 117.58528, 38.80277 ], [ 117.53638, 38.67555 ], [ 117.55359, 38.59249 ], [ 117.67221, 38.38666 ], [ 117.80318, 38.27388 ], [ 118.02806, 38.16721 ], [ 118.11053, 38.14639 ], [ 118.35721, 38.12916 ], [ 118.48359, 38.10055 ], [ 118.59915, 38.11082 ], [ 118.79444, 38.15888 ], [ 118.83776, 38.15291 ], [ 118.95165, 38.03847 ], [ 119.035530000000108, 37.87832 ], [ 119.04915, 37.76221 ], [ 119.0379, 37.66652 ], [ 118.98331, 37.61624 ], [ 118.9538, 37.53999 ], [ 118.93776, 37.38138 ], [ 118.95665, 37.30054 ], [ 118.9711, 37.27083 ], [ 119.23275, 37.14361 ], [ 119.45305, 37.1236 ], [ 119.76722, 37.15138 ], [ 119.8861, 37.23999 ], [ 119.89403, 37.26319 ], [ 119.8529, 37.35228 ], [ 120.14167, 37.4761 ], [ 120.30781, 37.60291 ], [ 120.322, 37.64388 ], [ 120.30942, 37.66249 ], [ 120.34888, 37.68526 ], [ 120.50665, 37.74833 ], [ 120.66096, 37.78805 ], [ 120.73706, 37.83499 ], [ 120.87804, 37.82833 ], [ 120.9324, 37.81145 ], [ 120.93516, 37.78096 ], [ 120.96027, 37.75694 ], [ 121.127480000000105, 37.65332 ], [ 121.13853, 37.59673 ], [ 121.1611, 37.57916 ], [ 121.382750000000101, 37.5536 ], [ 121.47846, 37.46652 ], [ 121.57999, 37.42458 ], [ 121.66941, 37.43962 ], [ 121.6947, 37.45805 ], [ 121.94053, 37.46111 ], [ 122.06775, 37.53666 ], [ 122.12817, 37.55256 ], [ 122.15005, 37.51208 ], [ 122.12696, 37.49332 ], [ 122.135270000000105, 37.46444 ], [ 122.181380000000104, 37.41833 ], [ 122.55858, 37.39624 ], [ 122.59721, 37.20999 ], [ 122.53471, 37.14999 ], [ 122.4979, 37.14867 ], [ 122.46748, 37.10583 ], [ 122.45237, 37.14364 ], [ 122.40054, 37.02583 ], [ 122.41041, 36.99958 ], [ 122.53915, 37.01978 ], [ 122.52332, 36.90992 ], [ 122.50471, 36.89361 ], [ 122.35443, 36.82777 ], [ 122.19234, 36.84298 ], [ 122.16471, 36.94415 ], [ 121.95665, 37.00028 ], [ 121.91908, 36.97853 ], [ 121.93831, 36.93353 ], [ 121.59444, 36.75889 ], [ 121.52249, 36.74979 ], [ 121.511170000000106, 36.77929 ], [ 121.60658, 36.8361 ], [ 121.58527, 36.84423 ], [ 121.48943, 36.82111 ], [ 121.44844, 36.77266 ], [ 121.37276, 36.72276 ], [ 121.17553, 36.67749 ], [ 121.01575, 36.581 ], [ 120.84291, 36.64735 ], [ 120.77638, 36.61666 ], [ 120.73823, 36.55541 ], [ 120.77346, 36.53666 ], [ 120.83589, 36.60006 ], [ 120.85832, 36.60027 ], [ 120.96, 36.52638 ], [ 120.87526, 36.37582 ], [ 120.8647, 36.37276 ], [ 120.81824, 36.45923 ], [ 120.75457, 36.45652 ], [ 120.70624, 36.42277 ], [ 120.6829, 36.38083 ], [ 120.67124, 36.26248 ], [ 120.69563, 36.14075 ], [ 120.34359, 36.0419 ], [ 120.29189, 36.06065 ], [ 120.35471, 36.17293 ], [ 120.30781, 36.26345 ], [ 120.28701, 36.26186 ], [ 120.27239, 36.20274 ], [ 120.08885, 36.19998 ], [ 120.09093, 36.10817 ], [ 120.18026, 35.97971 ], [ 120.23776, 35.95943 ], [ 120.09928, 35.90027 ], [ 119.90665, 35.74277 ], [ 119.9029, 35.64957 ], [ 119.8286, 35.62166 ], [ 119.72568, 35.61791 ], [ 119.64745, 35.57893 ], [ 119.54971, 35.37721 ], [ 119.51471, 35.33305 ], [ 119.45166, 35.30999 ], [ 119.40138, 35.24888 ], [ 119.37026, 35.1125 ], [ 119.2803, 35.06816 ], [ 119.2118, 35.05402 ], [ 119.17609, 34.88499 ], [ 119.19747, 34.76971 ], [ 119.28581, 34.74777 ], [ 119.36832, 34.76333 ], [ 119.43776, 34.7461 ], [ 119.47706, 34.70402 ], [ 119.46235, 34.68416 ], [ 119.53491, 34.60749 ], [ 119.65199, 34.52807 ], [ 119.83262, 34.46166 ], [ 119.92428, 34.45638 ], [ 120.24873, 34.31145 ], [ 120.34082, 34.12332 ], [ 120.393330000000105, 33.95944 ], [ 120.480820000000108, 33.76194 ], [ 120.49832, 33.65721 ], [ 120.54804, 33.55791 ], [ 120.63611, 33.45583 ], [ 120.662, 33.32951 ], [ 120.78651, 33.16568 ], [ 120.88582, 32.97499 ], [ 120.89499, 32.89527 ], [ 120.87915, 32.79694 ], [ 120.82637, 32.69652 ], [ 120.83749, 32.63889 ], [ 121.10028, 32.51611 ], [ 121.33485, 32.42958 ], [ 121.40707, 32.36694 ], [ 121.41942, 32.24381 ], [ 121.38025, 32.23312 ], [ 121.44123, 32.11333 ], [ 121.56026, 32.10305 ], [ 121.73888, 31.9986 ], [ 121.82902, 31.91625 ], [ 121.8902700000001, 31.76194 ], [ 121.89346, 31.69319 ], [ 121.87373, 31.6784 ], [ 121.82747, 31.67833 ], [ 121.647, 31.71284 ], [ 121.48206, 31.81291 ], [ 121.29151, 31.87027 ], [ 120.94442, 31.86639 ], [ 120.81276, 32.01749 ], [ 120.73701, 32.05596 ], [ 120.60193, 32.09361 ], [ 120.47203, 32.09244 ], [ 120.27269, 31.94673 ], [ 120.21748, 31.93361 ], [ 120.09901, 31.94555 ], [ 120.01811, 31.98242 ], [ 119.918050000000108, 32.10972 ], [ 119.90027, 32.19527 ], [ 119.861720000000105, 32.27465 ], [ 119.82666, 32.30638 ], [ 119.76179, 32.32729 ], [ 119.68082, 32.30305 ], [ 119.63166, 32.26277 ], [ 119.61311, 32.19065 ], [ 119.64916, 32.19284 ], [ 119.6941, 32.23627 ], [ 119.7872, 32.18804 ], [ 119.76453, 32.1561 ], [ 119.76802, 32.11984 ], [ 119.8726, 32.06684 ], [ 119.87025, 32.00555 ], [ 119.88504, 31.99194 ], [ 120.13638, 31.90389 ], [ 120.22554, 31.90319 ], [ 120.37776, 31.95472 ], [ 120.43359, 32.01575 ], [ 120.4991500000001, 32.0211 ], [ 120.70262, 31.98833 ], [ 120.73248, 31.97013 ], [ 120.7897, 31.8743 ], [ 120.76894, 31.8168 ], [ 120.7211, 31.85291 ], [ 120.71963, 31.81944 ], [ 120.85401, 31.75444 ], [ 120.96179, 31.75437 ], [ 121.08402, 31.70722 ], [ 121.2254, 31.62069 ], [ 121.32515, 31.49222 ], [ 121.668050000000108, 31.30889 ], [ 121.75652, 31.21124 ], [ 121.86971, 31.00833 ], [ 121.89166, 30.92791 ], [ 121.8747, 30.87069 ], [ 121.84693, 30.85305 ], [ 121.698310000000106, 30.86305 ], [ 121.55942, 30.84361 ], [ 121.43678, 30.80014 ], [ 121.33444, 30.70277 ], [ 121.21999, 30.6718 ], [ 120.99151, 30.56889 ], [ 120.96096, 30.53792 ], [ 120.93221, 30.47083 ], [ 120.93685, 30.41881 ], [ 120.87526, 30.36388 ], [ 120.79554, 30.32875 ], [ 120.75102, 30.33826 ], [ 120.71472, 30.37486 ], [ 120.64921, 30.39757 ], [ 120.45858, 30.39298 ], [ 120.39187, 30.37166 ], [ 120.14998, 30.19694 ], [ 120.30525, 30.22222 ], [ 120.454840000000104, 30.30653 ], [ 120.50819, 30.31027 ], [ 120.53804, 30.27722 ], [ 120.57776, 30.16513 ], [ 120.61511, 30.11048 ], [ 120.67499, 30.0825 ], [ 120.79158, 30.06465 ], [ 120.7761, 30.09111 ], [ 121.07215, 30.25911 ], [ 121.17054, 30.30125 ], [ 121.2808, 30.30458 ], [ 121.40637, 30.24791 ], [ 121.4836, 30.18527 ], [ 121.61249, 30.01361 ], [ 121.67776, 29.96305 ], [ 121.80081, 29.94694 ], [ 121.939, 29.88138 ], [ 122.1045, 29.90083 ], [ 122.11956, 29.88211 ], [ 121.86712, 29.76486 ], [ 121.69179, 29.56083 ], [ 121.52304, 29.51694 ], [ 121.50213, 29.54534 ], [ 121.448310000000106, 29.51167 ], [ 121.42887, 29.46152 ], [ 121.4397, 29.41694 ], [ 121.46749, 29.45944 ], [ 121.71179, 29.53444 ], [ 121.75653, 29.52402 ], [ 121.74671, 29.47124 ], [ 121.7988, 29.47742 ], [ 121.84873, 29.52889 ], [ 121.73827, 29.55006 ], [ 121.79005, 29.60416 ], [ 121.90582, 29.63527 ], [ 121.97436, 29.58916 ], [ 121.8893, 29.38666 ], [ 121.89749, 29.29208 ], [ 121.91193, 29.27083 ], [ 121.94401, 29.26604 ], [ 121.96791, 29.28097 ], [ 121.98692, 29.255 ], [ 121.93359, 29.19528 ], [ 121.84755, 29.16222 ], [ 121.8119200000001, 29.18388 ], [ 121.79692, 29.37236 ], [ 121.76401, 29.36347 ], [ 121.76922, 29.27305 ], [ 121.74436, 29.19729 ], [ 121.65721, 29.18861 ], [ 121.5611, 29.29111 ], [ 121.50499, 29.20555 ], [ 121.41352, 29.1634 ], [ 121.43914, 29.10777 ], [ 121.46832, 29.09583 ], [ 121.56387, 29.11416 ], [ 121.62776, 29.10111 ], [ 121.69136, 29.02194 ], [ 121.71332, 28.94861 ], [ 121.6822, 28.91645 ], [ 121.53942, 28.95076 ], [ 121.50263, 28.95291 ], [ 121.49081, 28.9359 ], [ 121.53415, 28.89777 ], [ 121.58814, 28.88951 ], [ 121.65957, 28.83194 ], [ 121.65941, 28.79667 ], [ 121.6113, 28.72798 ], [ 121.50108, 28.6943 ], [ 121.37375, 28.71027 ], [ 121.14638, 28.84215 ], [ 121.159000000000106, 28.80645 ], [ 121.29082, 28.73527 ], [ 121.48443, 28.66993 ], [ 121.52361, 28.50027 ], [ 121.59276, 28.39277 ], [ 121.64166, 28.34722 ], [ 121.57998, 28.27555 ], [ 121.57395, 28.30291 ], [ 121.52568, 28.33138 ], [ 121.45527, 28.33805 ], [ 121.40833, 28.30361 ], [ 121.3744200000001, 28.18833 ], [ 121.34193, 28.13889 ], [ 121.26034, 28.20479 ], [ 121.24818, 28.27542 ], [ 121.20972, 28.3575 ], [ 121.16513, 28.38277 ], [ 121.10221, 28.29083 ], [ 121.11484, 28.24125 ], [ 121.10387, 28.2061 ], [ 120.93525, 27.98222 ], [ 120.83194, 27.99444 ], [ 120.59082, 28.07944 ], [ 120.61332, 28.01861 ], [ 120.83963, 27.9484 ], [ 120.83999, 27.87229 ], [ 120.79527, 27.84653 ], [ 120.6947, 27.72222 ], [ 120.65525, 27.61666 ], [ 120.58117, 27.59319 ], [ 120.58612, 27.53722 ], [ 120.60873, 27.50444 ], [ 120.63971, 27.49597 ], [ 120.66554, 27.45083 ], [ 120.63214, 27.37145 ], [ 120.58333, 27.38944 ], [ 120.50749, 27.20777 ], [ 120.47119, 27.17906 ], [ 120.45109, 27.22173 ], [ 120.4197, 27.21416 ], [ 120.422240000000102, 27.17451 ], [ 120.33832, 27.24138 ], [ 120.31025, 27.31111 ], [ 120.2693, 27.31861 ], [ 120.18956, 27.28278 ], [ 120.17609, 27.22281 ], [ 120.20255, 27.22027 ], [ 120.22291, 27.24541 ], [ 120.25444, 27.25194 ], [ 120.32887, 27.22944 ], [ 120.4211, 27.14764 ], [ 120.38526, 27.09472 ], [ 120.27735, 27.11027 ], [ 120.25325, 27.12916 ], [ 120.23581, 26.98194 ], [ 120.20417, 26.91611 ], [ 120.137070000000108, 26.92555 ], [ 120.03318, 26.89805 ], [ 120.01942, 26.84 ], [ 120.0336, 26.81889 ], [ 120.10416, 26.79389 ], [ 120.12796, 26.64465 ], [ 120.096860000000106, 26.62187 ], [ 119.99345, 26.5993 ], [ 119.88664, 26.52055 ], [ 119.86026, 26.51778 ], [ 119.83567, 26.52729 ], [ 119.83291, 26.55986 ], [ 119.85416, 26.59298 ], [ 119.90269, 26.62145 ], [ 119.9479, 26.62618 ], [ 120.073310000000106, 26.78822 ], [ 119.92297, 26.78979 ], [ 119.89259, 26.66937 ], [ 119.86679, 26.64888 ], [ 119.79151, 26.69208 ], [ 119.78791, 26.79611 ], [ 119.68797, 26.8127 ], [ 119.67621, 26.77207 ], [ 119.68748, 26.74027 ], [ 119.72842, 26.71124 ], [ 119.70375, 26.6943 ], [ 119.63082, 26.75111 ], [ 119.61838, 26.79389 ], [ 119.57666, 26.78555 ], [ 119.55027, 26.75625 ], [ 119.53387, 26.64777 ], [ 119.55262, 26.6175 ], [ 119.59972, 26.57389 ], [ 119.66568, 26.61014 ], [ 119.73707, 26.60805 ], [ 119.78027, 26.57277 ], [ 119.82041, 26.44222 ], [ 119.78859, 26.40916 ], [ 119.7661, 26.40757 ], [ 119.65305, 26.49277 ], [ 119.57748, 26.47388 ], [ 119.56553, 26.44333 ], [ 119.65804, 26.33861 ], [ 119.68943, 26.31792 ], [ 119.73737, 26.33202 ], [ 119.81874, 26.41861 ], [ 119.94887, 26.36777 ], [ 119.88415, 26.31055 ], [ 119.81692, 26.32263 ], [ 119.79324, 26.30332 ], [ 119.79276, 26.28055 ], [ 119.66888, 26.2818 ], [ 119.6354, 26.25653 ], [ 119.5075, 26.05583 ], [ 119.42526, 25.99694 ], [ 119.19859, 26.10833 ], [ 119.097490000000107, 26.14041 ], [ 119.25666, 25.96305 ], [ 119.354020000000105, 25.93788 ], [ 119.44748, 25.96027 ], [ 119.4917200000001, 25.99472 ], [ 119.51694, 26.0402 ], [ 119.57207, 26.04312 ], [ 119.682820000000106, 26.01347 ], [ 119.705830000000105, 25.99069 ], [ 119.67221, 25.92944 ], [ 119.59137, 25.86361 ], [ 119.6211, 25.75667 ], [ 119.580740000000105, 25.67996 ], [ 119.45221, 25.68222 ], [ 119.45762, 25.61694 ], [ 119.48026, 25.57277 ], [ 119.50546, 25.55736 ], [ 119.55289, 25.56361 ], [ 119.64457, 25.41652 ], [ 119.6454, 25.35333 ], [ 119.60138, 25.34028 ], [ 119.58069, 25.41819 ], [ 119.50471, 25.47472 ], [ 119.42331, 25.51083 ], [ 119.37915, 25.58583 ], [ 119.31495, 25.60649 ], [ 119.2561, 25.50083 ], [ 119.10527, 25.42097 ], [ 119.10643, 25.39715 ], [ 119.16998, 25.34416 ], [ 119.2811, 25.3243 ], [ 119.35256, 25.25319 ], [ 119.27263, 25.17208 ], [ 119.09207, 25.10555 ], [ 119.03505, 25.12694 ], [ 119.03187, 25.16444 ], [ 119.05504, 25.17492 ], [ 119.06859, 25.20597 ], [ 119.06137, 25.27305 ], [ 118.9929, 25.28167 ], [ 118.874870000000101, 25.2426 ], [ 118.88237, 25.2193 ], [ 118.91263, 25.2186 ], [ 118.96776, 25.17725 ], [ 118.93915, 25.10628 ], [ 118.86025, 25.10125 ], [ 118.84707, 25.08298 ], [ 118.86859, 25.04389 ], [ 119.011440000000107, 24.94763 ], [ 118.98499, 24.92694 ], [ 118.71721, 24.84305 ], [ 118.694, 24.85173 ], [ 118.72553, 24.8875 ], [ 118.70625, 24.93139 ], [ 118.666790000000105, 24.94722 ], [ 118.57291, 24.88291 ], [ 118.62652, 24.77118 ], [ 118.70776, 24.80236 ], [ 118.76311, 24.75673 ], [ 118.65749, 24.575 ], [ 118.62276, 24.54389 ], [ 118.55345, 24.51236 ], [ 118.55971, 24.57611 ], [ 118.43997, 24.62833 ], [ 118.23971, 24.53639 ], [ 118.1688, 24.68194 ], [ 118.043590000000108, 24.61583 ], [ 117.98248, 24.5643 ], [ 117.97817, 24.54132 ], [ 118.05136, 24.51722 ], [ 118.01988, 24.44024 ], [ 117.84922, 24.48513 ], [ 117.79473, 24.46019 ], [ 117.89665, 24.38361 ], [ 118.03714, 24.40347 ], [ 118.09499, 24.34277 ], [ 118.12373, 24.25875 ], [ 117.95999, 24.15361 ], [ 117.76332, 23.91722 ], [ 117.73526, 23.90027 ], [ 117.72805, 23.94152 ], [ 117.79484, 24.00374 ], [ 117.76263, 24.06 ], [ 117.70971, 24.04166 ], [ 117.6147, 23.86361 ], [ 117.47721, 23.84027 ], [ 117.3047, 23.75833 ], [ 117.26686, 23.72972 ], [ 117.25526, 23.66444 ], [ 117.19568, 23.62437 ], [ 117.1244200000001, 23.59139 ], [ 117.03415, 23.6568 ], [ 116.91794, 23.65919 ], [ 116.87485, 23.59746 ], [ 116.87956, 23.55166 ], [ 116.85915, 23.46444 ], [ 116.76033, 23.35499 ], [ 116.632480000000101, 23.36166 ], [ 116.532200000000103, 23.42024 ], [ 116.52221, 23.38666 ], [ 116.55094, 23.33666 ], [ 116.59131, 23.31132 ], [ 116.74151, 23.3184 ], [ 116.78707, 23.23666 ], [ 116.78027, 23.2093 ], [ 116.74881, 23.22402 ], [ 116.51389, 23.21083 ], [ 116.53693, 23.00653 ], [ 116.48171, 22.93902 ], [ 116.22693, 22.93083 ], [ 116.13255, 22.84736 ], [ 116.07793, 22.8325 ], [ 116.05026, 22.8525 ], [ 115.8622, 22.78917 ], [ 115.79775, 22.73916 ], [ 115.78386, 22.79722 ], [ 115.64026, 22.88416 ], [ 115.53554, 22.83278 ], [ 115.56248, 22.68194 ], [ 115.53665, 22.65889 ], [ 115.37594, 22.6818 ], [ 115.22304, 22.78652 ], [ 115.24054, 22.8275 ], [ 115.16138, 22.80833 ], [ 114.94331, 22.74388 ], [ 114.8889, 22.70277 ], [ 114.93666, 22.65 ], [ 114.90096, 22.54639 ], [ 114.87221, 22.53305 ], [ 114.87935, 22.57006 ], [ 114.84873, 22.58722 ], [ 114.73873, 22.58666 ], [ 114.71805, 22.64028 ], [ 114.72388, 22.72486 ], [ 114.81241, 22.78395 ], [ 114.77818, 22.81402 ], [ 114.55942, 22.73416 ], [ 114.52083, 22.69972 ], [ 114.50096, 22.65333 ], [ 114.52582, 22.585 ], [ 114.59784, 22.53854 ], [ 114.61359, 22.50423 ], [ 114.518330000000105, 22.47444 ], [ 114.46733, 22.5509 ], [ 114.39166, 22.61 ], [ 114.36595, 22.6093 ], [ 114.2661, 22.58028 ], [ 114.222255687000029, 22.549657639000088 ], [ 114.09032, 22.51721 ], [ 113.94886, 22.52194 ], [ 113.86081, 22.47444 ], [ 113.75443, 22.7518 ], [ 113.60596, 22.83458 ], [ 113.59061, 22.88027 ], [ 113.602490000000103, 22.99124 ], [ 113.54629, 22.98326 ], [ 113.52334, 23.01665 ], [ 113.52527, 23.05027 ], [ 113.54713, 23.07528 ], [ 113.61228, 23.1032 ], [ 113.70638, 23.13125 ], [ 113.8219, 23.11724 ], [ 113.68359, 23.1527 ], [ 113.47928, 23.05083 ], [ 113.495680000000107, 23.00416 ], [ 113.48026, 22.91715 ], [ 113.42126, 22.92885 ], [ 113.378, 22.91038 ], [ 113.362890000000107, 22.87986 ], [ 113.49174, 22.77089 ], [ 113.43778, 22.73783 ], [ 113.54166, 22.61694 ], [ 113.56477, 22.54944 ], [ 113.55832, 22.47833 ], [ 113.53339, 22.42246 ], [ 113.5381, 22.39132 ], [ 113.58985, 22.35819 ], [ 113.57943, 22.24986 ], [ 113.51465, 22.17888 ], [ 113.45666, 22.16791 ], [ 113.433450000000107, 22.17847 ], [ 113.26748, 22.38278 ], [ 113.16873, 22.56701 ], [ 113.15998, 22.47868 ], [ 113.23458, 22.41722 ], [ 113.38679, 22.17965 ], [ 113.35637, 22.16652 ], [ 113.30269, 22.17729 ], [ 113.25583, 22.12417 ], [ 113.25256, 22.0625 ], [ 113.22262, 22.04069 ], [ 113.11596, 22.09012 ], [ 113.1256, 22.15222 ], [ 113.10679, 22.21236 ], [ 113.08485, 22.20486 ], [ 112.98734, 22.0893 ], [ 113.00444, 21.93888 ], [ 112.94005, 21.8693 ], [ 112.89192, 21.85958 ], [ 112.8461, 21.95097 ], [ 112.82402, 21.96472 ], [ 112.75332, 21.93819 ], [ 112.69332, 21.88499 ], [ 112.63095, 21.79139 ], [ 112.59276, 21.77 ], [ 112.56665, 21.76368 ], [ 112.47804, 21.8025 ], [ 112.28194, 21.70139 ], [ 112.247210000000109, 21.70624 ], [ 111.95208, 21.85277 ], [ 111.91373, 21.91132 ], [ 111.89214, 21.91611 ], [ 111.89901, 21.82597 ], [ 111.97443, 21.77138 ], [ 111.96693, 21.75139 ], [ 111.85852, 21.67326 ], [ 111.83366, 21.68298 ], [ 111.82388, 21.71999 ], [ 111.79583, 21.73694 ], [ 111.67623, 21.77819 ], [ 111.7704, 21.7077 ], [ 111.78317, 21.61264 ], [ 111.69922, 21.61139 ], [ 111.64395, 21.5268 ], [ 111.47346, 21.5127 ], [ 111.37915, 21.52944 ], [ 111.14666, 21.46513 ], [ 111.09554, 21.46708 ], [ 111.07465, 21.50402 ], [ 111.02845, 21.52528 ], [ 110.99255, 21.51396 ], [ 110.97804, 21.44562 ], [ 111.05964, 21.47968 ], [ 111.00027, 21.42555 ], [ 110.87686, 21.38368 ], [ 110.79818, 21.39958 ], [ 110.7361, 21.37222 ], [ 110.6929, 21.33264 ], [ 110.65109, 21.25445 ], [ 110.63244, 21.35857 ], [ 110.74456, 21.40333 ], [ 110.76182, 21.42617 ], [ 110.62775, 21.36944 ], [ 110.61207, 21.32722 ], [ 110.63546, 21.23902 ], [ 110.53276, 21.21138 ], [ 110.43275, 21.2175 ], [ 110.42026, 21.26305 ], [ 110.42456, 21.37222 ], [ 110.39435, 21.37322 ], [ 110.37248, 21.31806 ], [ 110.37553, 21.27778 ], [ 110.40888, 21.22791 ], [ 110.3906, 21.16298 ], [ 110.33026, 21.11194 ], [ 110.20027, 21.04778 ], [ 110.15358, 20.98527 ], [ 110.15936, 20.84381 ], [ 110.24053, 20.83222 ], [ 110.31767, 20.85384 ], [ 110.37553, 20.84083 ], [ 110.40111, 20.78319 ], [ 110.40082, 20.7343 ], [ 110.37894, 20.71027 ], [ 110.35332, 20.73541 ], [ 110.34243, 20.79754 ], [ 110.30943, 20.74361 ], [ 110.32388, 20.63999 ], [ 110.3936, 20.61361 ], [ 110.41027, 20.58055 ], [ 110.47352, 20.57076 ], [ 110.52736, 20.48618 ], [ 110.5145, 20.42965 ], [ 110.40526, 20.30326 ], [ 110.27887, 20.24611 ], [ 110.11499, 20.24041 ], [ 110.04194, 20.29777 ], [ 109.97984, 20.29194 ], [ 109.92443, 20.23361 ], [ 109.88275, 20.36 ], [ 109.95123, 20.38236 ], [ 109.9779, 20.35777 ], [ 110.00914, 20.40666 ], [ 110.00686, 20.4318 ], [ 109.85081, 20.50444 ], [ 109.7511, 20.64111 ], [ 109.70055, 20.81722 ], [ 109.66595, 20.86569 ], [ 109.6629, 20.92416 ], [ 109.69165, 21.01833 ], [ 109.67387, 21.12888 ], [ 109.76915, 21.33472 ], [ 109.90471, 21.38805 ], [ 109.94109, 21.44694 ], [ 109.92414, 21.47416 ], [ 109.86277, 21.47972 ], [ 109.82277, 21.46055 ], [ 109.76343, 21.57982 ], [ 109.74234, 21.57292 ], [ 109.77028, 21.48693 ], [ 109.73248, 21.46972 ], [ 109.66046, 21.50569 ], [ 109.56109, 21.67347 ], [ 109.55651, 21.70249 ], [ 109.57332, 21.72333 ], [ 109.50388, 21.67638 ], [ 109.57485, 21.57729 ], [ 109.53443, 21.49499 ], [ 109.42679, 21.45083 ], [ 109.33888, 21.4486 ], [ 109.14276, 21.39666 ], [ 109.06805, 21.43222 ], [ 109.09305, 21.48194 ], [ 109.14152, 21.50694 ], [ 109.13749, 21.58305 ], [ 109.04137, 21.61583 ], [ 108.97401, 21.60361 ], [ 108.91096, 21.61611 ], [ 108.85652, 21.6818 ], [ 108.86638, 21.72222 ], [ 108.92082, 21.75646 ], [ 108.87025, 21.79889 ], [ 108.79249, 21.815 ], [ 108.84833, 21.76139 ], [ 108.83171, 21.70158 ], [ 108.85262, 21.63007 ], [ 108.79395, 21.63979 ], [ 108.74067, 21.61333 ], [ 108.74026, 21.59889 ], [ 108.65026, 21.72305 ], [ 108.60625, 21.83805 ], [ 108.63084, 21.88421 ], [ 108.60471, 21.91083 ], [ 108.46922, 21.93562 ], [ 108.44289, 21.86569 ], [ 108.49304, 21.7675 ], [ 108.55911, 21.68371 ], [ 108.51249, 21.59014 ], [ 108.46623, 21.55875 ], [ 108.39435, 21.55555 ], [ 108.38547, 21.59111 ], [ 108.43831, 21.6568 ], [ 108.3336, 21.69 ], [ 108.3139, 21.67839 ], [ 108.31123, 21.5825 ], [ 108.28387, 21.53986 ], [ 108.20797, 21.49916 ], [ 108.23581, 21.55444 ], [ 108.20444, 21.59444 ], [ 108.07748, 21.53444 ], [ 108.01666, 21.55361 ], [ 107.96888, 21.53569 ], [ 107.86081, 21.64777 ], [ 107.78305, 21.66694 ], [ 107.66027, 21.61 ], [ 107.53179, 21.58639 ], [ 107.36273, 21.60526 ], [ 107.3404, 21.68138 ], [ 107.29859, 21.72937 ], [ 107.21361, 21.71152 ], [ 107.02402, 21.82062 ], [ 107.01583, 21.84986 ], [ 107.04249, 21.88951 ], [ 107.04401, 21.92139 ], [ 107.0211, 21.93916 ], [ 106.73749, 21.99972 ], [ 106.69332, 22.03083 ], [ 106.66858, 22.17472 ], [ 106.67005, 22.20416 ], [ 106.6922, 22.21631 ], [ 106.64873, 22.32882 ], [ 106.56498, 22.3493 ], [ 106.55171, 22.45682 ], [ 106.60713, 22.60493 ], [ 106.71748, 22.63055 ], [ 106.78749, 22.76389 ], [ 106.75749, 22.82194 ], [ 106.70289, 22.86694 ], [ 106.52196, 22.93267 ], [ 106.47361, 22.89055 ], [ 106.34123, 22.85333 ], [ 106.29429, 22.85708 ], [ 106.25613, 22.87215 ], [ 106.22359, 22.95555 ], [ 106.13472, 22.98861 ], [ 106.01485, 22.98249 ], [ 105.99137, 22.93819 ], [ 105.87707, 22.91253 ], [ 105.7686, 23.02014 ], [ 105.63926, 23.06291 ], [ 105.5739, 23.06333 ], [ 105.5513, 23.16243 ], [ 105.35872, 23.32416 ], [ 105.25805, 23.30444 ], [ 104.9075, 23.18027 ], [ 104.82453, 23.09927 ], [ 104.85221, 22.9625 ], [ 104.73193, 22.81805 ], [ 104.57361, 22.83 ], [ 104.37471, 22.6875 ], [ 104.26518, 22.73493 ], [ 104.25916, 22.82788 ], [ 104.11129, 22.79812 ], [ 104.03388, 22.68638 ], [ 104.00858, 22.52324 ], [ 103.96866, 22.50387 ], [ 103.8611, 22.57722 ], [ 103.65381, 22.78287 ], [ 103.6181, 22.77944 ], [ 103.56638, 22.69819 ], [ 103.58374, 22.64861 ], [ 103.52242, 22.58436 ], [ 103.45986, 22.63916 ], [ 103.39499, 22.77187 ], [ 103.33368, 22.79451 ], [ 103.16693, 22.5425 ], [ 103.0647, 22.44083 ], [ 103.03041, 22.43652 ], [ 102.92894, 22.48229 ], [ 102.87001, 22.59288 ], [ 102.50097, 22.7718 ], [ 102.45408, 22.75374 ], [ 102.38889, 22.60916 ], [ 102.26971, 22.49166 ], [ 102.14074, 22.39629 ], [ 102.11485, 22.43298 ], [ 102.03096, 22.45486 ], [ 101.92526, 22.43736 ], [ 101.77352, 22.49993 ], [ 101.69136, 22.47222 ], [ 101.66193, 22.41152 ], [ 101.67547, 22.3884 ], [ 101.57443, 22.20916 ], [ 101.62713, 21.97041 ], [ 101.76527, 21.83444 ], [ 101.75235, 21.73208 ], [ 101.78166, 21.65347 ], [ 101.74096, 21.31389 ], [ 101.80651, 21.28555 ], [ 101.84951, 21.23954 ], [ 101.78595, 21.14451 ], [ 101.73256, 21.13949 ], [ 101.67706, 21.19639 ], [ 101.57054, 21.24722 ], [ 101.38749, 21.22319 ], [ 101.29193, 21.17687 ], [ 101.2536, 21.21041 ], [ 101.23464, 21.25201 ], [ 101.26485, 21.37444 ], [ 101.18471, 21.55889 ], [ 101.14824, 21.57263 ], [ 101.16943, 21.60368 ], [ 101.16706, 21.63486 ], [ 101.12056, 21.77052 ], [ 100.83582, 21.64666 ], [ 100.80019, 21.58805 ], [ 100.72123, 21.51111 ], [ 100.6397, 21.47694 ], [ 100.57221, 21.45236 ], [ 100.47727, 21.46215 ], [ 100.4265, 21.52944 ], [ 100.37317, 21.53819 ], [ 100.20568, 21.43546 ], [ 100.12026, 21.51451 ], [ 100.10762, 21.58513 ], [ 100.14137, 21.63416 ], [ 100.08415, 21.68611 ], [ 99.99845, 21.69985 ], [ 99.97763, 21.72555 ], [ 99.9422, 21.82125 ], [ 99.9904, 21.96437 ], [ 99.95741, 22.05018 ], [ 99.74394, 22.07375 ], [ 99.70915, 22.03972 ], [ 99.65984, 22.08736 ], [ 99.46555, 22.13583 ], [ 99.36679, 22.09347 ], [ 99.24109, 22.1125 ], [ 99.16785, 22.15592 ], [ 99.29324, 22.40486 ], [ 99.38457, 22.50694 ], [ 99.38617, 22.5902 ], [ 99.34457, 22.70999 ], [ 99.44247, 22.86999 ], [ 99.51442, 22.91263 ], [ 99.55137, 22.91777 ], [ 99.56484, 22.93659 ], [ 99.5113, 23.08204 ], [ 99.35777, 23.13423 ], [ 99.20167, 23.10027 ], [ 99.10415, 23.10388 ], [ 98.92747, 23.18916 ], [ 98.91533, 23.4125 ], [ 98.88742, 23.47305 ], [ 98.8279, 23.48048 ], [ 98.80664, 23.54173 ], [ 98.85276, 23.63777 ], [ 98.81717, 23.76072 ], [ 98.68748, 23.81639 ], [ 98.6799, 23.97076 ], [ 98.75485, 23.99801 ], [ 98.89747, 24.10162 ], [ 98.90512, 24.12516 ], [ 98.89073, 24.16007 ], [ 98.85202, 24.13044 ], [ 98.58654, 24.09534 ], [ 98.54699, 24.12444 ], [ 98.44659, 24.13496 ], [ 98.22078, 24.12531 ], [ 98.06449, 24.08909 ], [ 97.91249, 24.02666 ], [ 97.86526, 23.98055 ], [ 97.64998, 23.8517 ], [ 97.63387, 23.8884 ], [ 97.54763, 23.92999 ], [ 97.5372, 23.9486 ], [ 97.72123, 24.11444 ], [ 97.74845, 24.16125 ], [ 97.7593, 24.26055 ], [ 97.71277, 24.37527 ], [ 97.66513, 24.44222 ], [ 97.54304, 24.47666 ], [ 97.5682, 24.66666 ], [ 97.55255, 24.73992 ], [ 97.68942, 24.83444 ], [ 97.73665, 24.91888 ], [ 97.72582, 25.06472 ], [ 97.78943, 25.1375 ], [ 97.82735, 25.2509 ], [ 97.85221, 25.26694 ], [ 97.90895, 25.21173 ], [ 97.94498, 25.21618 ], [ 98.06582, 25.31069 ], [ 98.1247, 25.38999 ], [ 98.16735, 25.57111 ], [ 98.19109, 25.61527 ], [ 98.30758, 25.55236 ], [ 98.36137, 25.56944 ], [ 98.47791, 25.76417 ], [ 98.48255, 25.79673 ], [ 98.54078, 25.84489 ], [ 98.62859, 25.80333 ], [ 98.7104, 25.85597 ], [ 98.71429, 25.8925 ], [ 98.60581, 25.98923 ], [ 98.56944, 26.12527 ], [ 98.64867, 26.14784 ], [ 98.65533, 26.10013 ], [ 98.67901, 26.10638 ], [ 98.70861, 26.1325 ], [ 98.73109, 26.18472 ], [ 98.70415, 26.24763 ], [ 98.77554, 26.60583 ], [ 98.77777, 26.79166 ], [ 98.69123, 27.20805 ], [ 98.73575, 27.32159 ], [ 98.7321, 27.36309 ], [ 98.70248, 27.37986 ], [ 98.68581, 27.4693 ], [ 98.69699, 27.52972 ], [ 98.64611, 27.60528 ], [ 98.45887, 27.6725 ], [ 98.42609, 27.63278 ], [ 98.407, 27.55694 ], [ 98.37679, 27.53305 ], [ 98.31991, 27.54014 ], [ 98.19582, 27.84 ], [ 98.14625, 28.00833 ], [ 98.15624, 28.12111 ], [ 98.14499, 28.14889 ], [ 98.01635, 28.21565 ], [ 98.02033, 28.2693 ], [ 97.90207, 28.37895 ], [ 97.80464, 28.34576 ], [ 97.74338, 28.42034 ], [ 97.7061, 28.51903 ], [ 97.55887, 28.54652 ], [ 97.49637, 28.41694 ], [ 97.46888, 28.29771 ], [ 97.41581, 28.295 ], [ 97.34888, 28.22277 ], [ 97.30713, 28.23423 ], [ 97.2379, 28.30903 ], [ 97.12818, 28.38194 ], [ 96.98471, 28.3325 ], [ 96.77866, 28.3768 ], [ 96.7447, 28.42291 ], [ 96.65387, 28.46749 ], [ 96.59873, 28.46846 ], [ 96.45116, 28.41611 ], [ 96.40193, 28.35111 ], [ 96.36165, 28.39277 ], [ 96.34027, 28.525 ], [ 96.61543, 28.76072 ], [ 96.61373, 28.79569 ], [ 96.48442, 28.96833 ], [ 96.49582, 29.03611 ], [ 96.47083, 29.05666 ], [ 96.34713, 29.03326 ], [ 96.25028, 28.94083 ], [ 96.17532, 28.90139 ], [ 96.14971, 28.9368 ], [ 96.14888, 29.05972 ], [ 96.21887, 29.14722 ], [ 96.34887, 29.18139 ], [ 96.39172, 29.25757 ], [ 96.35846, 29.28625 ], [ 96.29248, 29.24236 ], [ 96.23317, 29.25597 ], [ 96.18685, 29.31291 ], [ 96.18069, 29.35145 ], [ 96.08315, 29.46444 ], [ 96.05235, 29.46125 ], [ 95.94887, 29.39583 ], [ 95.7897, 29.34277 ], [ 95.62469, 29.255 ], [ 95.54137, 29.1911 ], [ 95.52527, 29.13611 ], [ 95.46144, 29.0541 ], [ 95.38777, 29.03527 ], [ 95.12998, 29.1175 ], [ 94.86408, 29.17499 ], [ 94.79226, 29.2608 ], [ 94.69736, 29.33653 ], [ 94.64751, 29.33346 ], [ 94.59317, 29.2724 ], [ 94.5812, 29.23153 ], [ 94.53885, 29.21475 ], [ 94.42776, 29.21551 ], [ 94.30815, 29.14124 ], [ 94.23456, 29.07348 ], [ 94.15246, 28.9307 ], [ 94.02111, 28.83603 ], [ 93.96172, 28.6692 ], [ 93.85851, 28.69038 ], [ 93.73194, 28.6776 ], [ 93.6473, 28.64746 ], [ 93.50206, 28.67916 ], [ 93.35194, 28.61876 ], [ 93.32867, 28.59502 ], [ 93.32039, 28.54047 ], [ 93.21554, 28.41832 ], [ 93.23816, 28.38745 ], [ 93.22205, 28.3193 ], [ 93.04571, 28.31026 ], [ 92.88734, 28.19872 ], [ 92.83003, 28.21276 ], [ 92.71044, 28.1419 ], [ 92.67524, 28.08071 ], [ 92.72078, 28.04115 ], [ 92.71957, 27.97902 ], [ 92.64373, 27.91625 ], [ 92.54499, 27.86194 ], [ 92.3311, 27.79472 ], [ 92.31469, 27.79611 ], [ 92.26554, 27.8684 ], [ 92.25735, 27.81972 ], [ 92.11832, 27.8125 ], [ 92.01443, 27.73472 ], [ 91.88472, 27.73111 ], [ 91.82442, 27.76639 ], [ 91.65776, 27.76472 ], [ 91.65672, 27.86944 ], [ 91.67706, 27.92916 ], [ 91.66277, 27.945 ], [ 91.52054, 27.99138 ], [ 91.45, 27.99722 ], [ 91.30138, 28.08111 ], [ 91.21887, 28.07472 ], [ 91.13164, 27.98361 ], [ 91.08693, 27.96999 ], [ 91.0204, 27.97694 ], [ 90.9179, 28.04653 ], [ 90.65054, 28.07861 ], [ 90.3765, 28.07958 ], [ 90.35332, 28.09847 ], [ 90.3954, 28.20055 ], [ 90.38898, 28.24256 ], [ 90.17859, 28.30055 ], [ 89.99819, 28.32369 ], [ 89.86304, 28.27138 ], [ 89.79186, 28.19472 ], [ 89.58819, 28.14166 ], [ 89.48749, 28.05777 ], [ 89.35999, 27.87166 ], [ 89.23699, 27.80722 ], [ 89.12804, 27.62333 ], [ 89.12858, 27.57166 ], [ 89.01554, 27.50986 ], [ 88.96749, 27.46638 ], [ 88.91693, 27.32083 ], [ 88.79971, 27.41639 ], [ 88.78124, 27.44361 ], [ 88.76464, 27.54243 ], [ 88.83054, 27.65458 ], [ 88.88109, 27.83958 ], [ 88.83576, 28.00805 ], [ 88.74054, 28.06972 ], [ 88.62435, 28.1168 ], [ 88.39082, 27.98361 ], [ 88.13812, 27.94937 ], [ 88.12206, 27.90701 ], [ 88.14279, 27.86605 ], [ 88.09166, 27.89222 ], [ 88.00305, 27.88583 ], [ 87.87262, 27.91722 ], [ 87.84901, 27.91069 ], [ 87.78027, 27.825 ], [ 87.72054, 27.805 ], [ 87.66054, 27.82888 ], [ 87.59055, 27.81486 ], [ 87.53665, 27.84028 ], [ 87.40888, 27.84305 ], [ 87.30609, 27.81639 ], [ 87.19275, 27.82305 ], [ 87.14152, 27.84402 ], [ 87.08652, 27.9243 ], [ 87.03256, 27.96326 ], [ 86.94708, 27.94764 ], [ 86.75999, 28.03055 ], [ 86.7561, 28.08222 ], [ 86.69527, 28.11166 ], [ 86.5886, 28.11305 ], [ 86.56944, 28.10042 ], [ 86.54109, 28.02416 ], [ 86.53777, 27.95972 ], [ 86.45137, 27.90888 ], [ 86.22305, 28.01139 ], [ 86.19692, 28.07208 ], [ 86.21458, 28.11236 ], [ 86.19769, 28.15805 ], [ 86.09623, 28.08673 ], [ 86.13596, 27.93534 ], [ 86.08942, 27.89083 ], [ 86.0054, 27.88625 ], [ 85.97637, 27.91014 ], [ 85.95166, 28.01305 ], [ 85.88777, 28.14861 ], [ 85.78082, 28.2061 ], [ 85.72138, 28.27916 ], [ 85.45888, 28.30166 ], [ 85.37665, 28.26361 ], [ 85.11095, 28.30666 ], [ 85.1136, 28.39583 ], [ 85.13512, 28.46527 ], [ 85.18193, 28.53 ], [ 85.19518, 28.59104 ], [ 85.07222, 28.64138 ], [ 84.94721, 28.54208 ], [ 84.84665, 28.54444 ], [ 84.70311, 28.60722 ], [ 84.70846, 28.65152 ], [ 84.63638, 28.70277 ], [ 84.48623, 28.73402 ], [ 84.3886, 28.86333 ], [ 84.32652, 28.8718 ], [ 84.23693, 28.91888 ], [ 84.23998, 29.05389 ], [ 84.16207, 29.13 ], [ 84.18095, 29.20972 ], [ 84.11651, 29.26097 ], [ 83.9761, 29.29694 ], [ 83.91249, 29.28972 ], [ 83.72054, 29.22888 ], [ 83.67227, 29.16333 ], [ 83.60595, 29.16472 ], [ 83.5479, 29.18902 ], [ 83.38054, 29.41639 ], [ 83.37915, 29.46611 ], [ 83.19108, 29.63166 ], [ 83.05998, 29.62333 ], [ 82.99859, 29.67 ], [ 82.90825, 29.69062 ], [ 82.87206, 29.66694 ], [ 82.5986, 29.89222 ], [ 82.42082, 30.01028 ], [ 82.22492, 30.075 ], [ 82.17525, 30.06923 ], [ 82.15124, 30.12041 ], [ 82.11123, 30.33444 ], [ 81.85304, 30.37666 ], [ 81.80832, 30.36375 ], [ 81.63026, 30.42472 ], [ 81.56053, 30.38444 ], [ 81.54568, 30.33208 ], [ 81.4936, 30.34152 ], [ 81.42623, 30.385 ], [ 81.4086, 30.37555 ], [ 81.39096, 30.31527 ], [ 81.38082, 30.1725 ], [ 81.2986, 30.07805 ], [ 81.24748, 30.05639 ], [ 81.25332, 30.02875 ], [ 81.23221, 30.01194 ], [ 81.16096, 30.03042 ], [ 81.11943, 30.01944 ], [ 80.99352, 30.26395 ], [ 80.80873, 30.32416 ], [ 80.7586, 30.38562 ], [ 80.61179, 30.47208 ], [ 80.52138, 30.47722 ], [ 80.31623, 30.56611 ], [ 80.23276, 30.57416 ], [ 80.14225, 30.72388 ], [ 79.86695, 30.96858 ], [ 79.66055, 30.97361 ], [ 79.60998, 30.93847 ], [ 79.41943, 31.05222 ], [ 79.39325, 31.10107 ], [ 79.31443, 31.13458 ], [ 78.86825, 31.16133 ], [ 78.87765, 31.29163 ], [ 78.81749, 31.28791 ], [ 78.76825, 31.30896 ], [ 78.71248, 31.50271 ], [ 78.72193, 31.52528 ], [ 78.84248, 31.6075 ], [ 78.71582, 31.72638 ], [ 78.69289, 31.77972 ], [ 78.77075, 31.96847 ], [ 78.65694, 32.05972 ], [ 78.53804, 32.21443 ], [ 78.47594, 32.24304 ], [ 78.48693, 32.25159 ], [ 78.47234, 32.43235 ], [ 78.39707, 32.53456 ], [ 78.40594, 32.55607 ], [ 78.6143, 32.63126 ], [ 78.74677, 32.71145 ], [ 78.74622, 32.63899 ], [ 78.76908, 32.62572 ], [ 78.76499, 32.54607 ], [ 78.78554, 32.47176 ], [ 78.92261, 32.36482 ], [ 78.97109, 32.3508 ], [ 79.07804, 32.38135 ], [ 79.13957, 32.47985 ], [ 79.25465, 32.52413 ], [ 79.314, 32.60536 ], [ 79.26455, 32.66531 ], [ 79.29473, 32.7214 ], [ 79.27067, 32.78136 ], [ 79.23117, 32.7891 ], [ 79.25418, 32.94382 ], [ 79.17117, 32.99798 ], [ 79.13772, 33.11983 ], [ 79.15359, 33.18172 ], [ 78.94845, 33.37895 ], [ 78.94887, 33.51612 ], [ 78.89293, 33.59669 ], [ 79.08741, 33.62366 ], [ 79.07488, 33.67404 ], [ 78.89098, 33.95443 ], [ 78.92444, 34.02211 ], [ 79.20736, 33.98448 ], [ 79.37968, 34.02498 ], [ 79.46611, 34.10597 ], [ 79.52404, 34.20046 ], [ 79.53733, 34.30845 ], [ 79.52887, 34.45641 ], [ 79.73997, 34.41514 ], [ 79.72615, 34.52443 ], [ 79.86946, 34.63242 ], [ 80.07789, 34.68748 ], [ 80.17161, 34.84429 ], [ 80.19552, 35.05069 ], [ 80.28466, 35.29457 ], [ 80.36568, 35.45579 ], [ 80.24037, 35.55502 ], [ 80.14885, 35.42685 ], [ 80.03006, 35.42959 ], [ 79.95071, 35.58396 ], [ 79.78034, 35.57836 ], [ 79.65775, 35.77416 ], [ 79.52146, 35.80832 ], [ 79.49736, 35.88995 ], [ 79.36835, 35.9768 ], [ 78.62531, 35.91654 ], [ 77.88883, 35.44156 ], [ 77.82393, 35.50133 ], [ 77.78353, 35.50374 ], [ 77.71339, 35.46353 ], [ 77.53554, 35.48388 ], [ 77.42164, 35.47277 ], [ 77.25139, 35.53361 ], [ 76.89526, 35.6125 ], [ 76.77277, 35.65777 ], [ 76.69332, 35.72318 ], [ 76.59414, 35.75722 ], [ 76.57207, 35.78888 ], [ 76.55304, 35.90665 ], [ 76.38499, 35.84138 ], [ 76.18061, 35.81458 ], [ 76.15637, 35.83096 ], [ 76.15499, 35.89888 ], [ 76.10901, 35.9918 ], [ 75.98651, 36.0061 ], [ 75.92887, 36.07082 ], [ 75.91873, 36.10994 ], [ 75.99096, 36.15958 ], [ 76.04165, 36.23749 ], [ 76.00206, 36.4644 ], [ 75.90401, 36.62292 ], [ 75.85983, 36.66339 ], [ 75.75408, 36.72942 ], [ 75.63915, 36.76351 ], [ 75.55178, 36.76807 ], [ 75.52414, 36.73279 ], [ 75.45178, 36.73166 ], [ 75.42538, 36.76401 ], [ 75.4258, 36.8582 ], [ 75.39901, 36.91153 ], [ 75.37636, 36.92486 ], [ 75.21206, 36.95887 ], [ 75.14786, 36.99716 ], [ 74.98261, 36.9869 ], [ 74.6965, 37.06076 ], [ 74.56544, 37.02781 ], [ 74.39499, 37.14646 ], [ 74.39089, 37.17 ], [ 74.52783, 37.2408 ], [ 74.66944, 37.26597 ], [ 74.73971, 37.3014 ], [ 74.76033, 37.2991 ], [ 74.80873, 37.22423 ], [ 74.91574, 37.23733 ], [ 75.09665, 37.32185 ], [ 75.18749, 37.40658 ], [ 75.06943, 37.50577 ], [ 74.95429, 37.55965 ], [ 74.9036, 37.65243 ], [ 74.93942, 37.68625 ], [ 74.9865, 37.78657 ], [ 74.90617, 37.84181 ], [ 74.91596, 38.00785 ], [ 74.81769, 38.07397 ], [ 74.79248, 38.19521 ], [ 74.8029, 38.32493 ], [ 74.86222, 38.38527 ], [ 74.85443, 38.47257 ], [ 74.79317, 38.52368 ], [ 74.35471, 38.67438 ], [ 74.12276, 38.66688 ], [ 74.06213, 38.59424 ], [ 74.07874, 38.54507 ], [ 73.96735, 38.5341 ], [ 73.84221, 38.59104 ], [ 73.80414, 38.6341 ], [ 73.70819, 38.88653 ], [ 73.74985, 38.92938 ], [ 73.84575, 38.94736 ], [ 73.85235, 38.97257 ], [ 73.84187, 38.99611 ], [ 73.72839, 39.07626 ], [ 73.62005, 39.23569 ], [ 73.66902, 39.34159 ], [ 73.65569, 39.45483 ], [ 73.86373, 39.48521 ], [ 73.95471, 39.59965 ], [ 73.90741, 39.72819 ], [ 73.8429, 39.76896 ], [ 73.84783, 39.81694 ], [ 73.99096, 40.04202 ], [ 74.0247, 40.06736 ], [ 74.18929, 40.11174 ], [ 74.22596, 40.11729 ], [ 74.29485, 40.09271 ], [ 74.35429, 40.09785 ], [ 74.4422, 40.13937 ], [ 74.6004, 40.26194 ], [ 74.73428, 40.34076 ], [ 74.88089, 40.32792 ], [ 74.89075, 40.3491 ], [ 74.8261, 40.40798 ], [ 74.83194, 40.46355 ], [ 74.85879, 40.51723 ], [ 75.06609, 40.44757 ], [ 75.23394, 40.45042 ], [ 75.48638, 40.60883 ], [ 75.58284, 40.64452 ], [ 75.62415, 40.59466 ], [ 75.66582, 40.37382 ], [ 75.70374, 40.298 ], [ 75.90012, 40.30119 ], [ 75.94303, 40.31494 ], [ 75.98346, 40.3666 ], [ 76.06805, 40.39577 ], [ 76.2236, 40.40382 ], [ 76.31498, 40.38466 ], [ 76.3344, 40.35324 ], [ 76.45027, 40.40411 ], [ 76.51415, 40.4589 ], [ 76.56971, 40.5623 ], [ 76.64436, 40.6191 ], [ 76.64839, 40.74126 ], [ 76.79103, 40.95091 ], [ 76.87067, 41.01258 ], [ 77.02144, 41.04959 ], [ 77.07332, 41.04654 ], [ 77.13998, 41.01598 ], [ 77.27444, 41.00634 ], [ 77.38207, 41.02509 ], [ 77.5436, 40.98661 ], [ 77.68471, 41.00189 ], [ 77.86061, 41.06967 ], [ 78.08083, 41.04079 ], [ 78.18887, 41.10134 ], [ 78.23665, 41.14551 ], [ 78.29053, 41.22967 ], [ 78.36983, 41.27484 ], [ 78.38331, 41.29384 ], [ 78.37054, 41.37259 ], [ 78.67082, 41.53189 ], [ 79.34082, 41.79218 ], [ 79.52666, 41.83135 ], [ 79.65901, 41.88328 ], [ 79.79165, 41.89488 ], [ 79.82624, 41.96586 ], [ 79.87318, 42.01343 ], [ 80.02527, 42.03635 ], [ 80.1797, 42.02662 ], [ 80.26944, 42.05426 ], [ 80.28159, 42.08315 ], [ 80.23403, 42.19622 ], [ 80.28513, 42.21606 ], [ 80.29387, 42.25218 ], [ 80.23831, 42.36329 ], [ 80.15803, 42.63245 ], [ 80.25795, 42.81565 ], [ 80.28179, 42.82982 ], [ 80.36901, 42.82497 ], [ 80.57226, 42.88545 ], [ 80.5745, 42.91218 ], [ 80.55075, 42.93003 ], [ 80.44227, 42.95691 ], [ 80.38805, 42.99482 ], [ 80.38405, 43.02906 ], [ 80.65485, 43.14205 ], [ 80.77457, 43.10927 ], [ 80.8036, 43.12482 ], [ 80.81527, 43.1683 ], [ 80.77777, 43.27107 ], [ 80.7397, 43.4658 ], [ 80.61914, 43.6658 ], [ 80.43581, 44.03386 ], [ 80.36887, 44.11378 ], [ 80.36637, 44.15525 ], [ 80.39999, 44.26122 ], [ 80.34943, 44.44719 ], [ 80.38499, 44.6358 ], [ 80.51256, 44.70616 ], [ 80.51589, 44.73408 ], [ 80.26221, 44.82442 ], [ 79.99874, 44.79901 ], [ 79.87408, 44.86824 ], [ 79.87106, 44.90282 ], [ 80.11317, 45.03734 ], [ 80.40069, 45.0504 ], [ 80.52499, 45.10859 ], [ 80.7436, 45.14956 ], [ 80.91693, 45.15026 ], [ 81.39666, 45.27039 ], [ 81.55636, 45.29582 ], [ 81.67928, 45.3497 ], [ 81.75172, 45.34511 ], [ 81.78318, 45.32137 ], [ 81.81151, 45.27276 ], [ 81.80762, 45.21952 ], [ 81.82415, 45.19622 ], [ 81.94803, 45.15748 ], [ 82.01304, 45.15942 ], [ 82.16832, 45.21276 ], [ 82.29693, 45.23776 ], [ 82.34818, 45.21984 ], [ 82.48166, 45.12747 ], [ 82.51499, 45.11942 ], [ 82.56637, 45.13303 ], [ 82.64249, 45.26609 ], [ 82.65984, 45.38539 ], [ 82.64624, 45.43581 ], [ 82.58916, 45.46387 ], [ 82.35359, 45.49942 ], [ 82.31972, 45.52942 ], [ 82.32179, 45.5831 ], [ 82.41394, 45.76193 ], [ 82.48082, 45.84082 ], [ 82.51082, 45.90192 ], [ 82.57138, 46.16776 ], [ 82.70888, 46.35416 ], [ 82.87387, 46.7636 ], [ 83.01124, 46.95318 ], [ 83.03443, 47.20062 ], [ 83.06193, 47.21999 ], [ 83.15513, 47.22471 ], [ 83.23013, 47.18416 ], [ 83.42498, 47.13569 ], [ 83.55873, 47.06332 ], [ 83.7811, 47.02083 ], [ 83.93026, 46.97332 ], [ 84.1111, 46.97166 ], [ 84.17949, 46.99867 ], [ 84.29471, 47.0075 ], [ 84.67804, 46.99361 ], [ 84.77429, 46.93568 ], [ 84.78193, 46.91444 ], [ 84.74442, 46.83315 ], [ 84.80318, 46.8277 ], [ 84.96284, 46.8645 ], [ 84.98457, 46.89645 ], [ 85.16859, 46.98194 ], [ 85.21898, 47.039 ], [ 85.26693, 47.05263 ], [ 85.52257, 47.0591 ], [ 85.56554, 47.1368 ], [ 85.68949, 47.21797 ], [ 85.70139, 47.26222 ], [ 85.7029, 47.37596 ], [ 85.60915, 47.49944 ], [ 85.62221, 47.6211 ], [ 85.53707, 47.93721 ], [ 85.60138, 48.07083 ], [ 85.61818, 48.16513 ], [ 85.73915, 48.35638 ], [ 85.80359, 48.41388 ], [ 86.03054, 48.43707 ], [ 86.23491, 48.42659 ], [ 86.34415, 48.49527 ], [ 86.46805, 48.49444 ], [ 86.59791, 48.54278 ], [ 86.63805, 48.60805 ], [ 86.77888, 48.7211 ], [ 86.80775, 48.82388 ], [ 86.74637, 48.91089 ], [ 86.73103, 48.972 ], [ 86.87602, 49.1102 ], [ 87.1754, 49.13221 ], [ 87.44664, 49.07749 ], [ 87.50735, 49.09917 ], [ 87.51929, 49.11721 ], [ 87.70526, 49.16304 ], [ 87.8407, 49.17295 ], [ 87.89888, 49.00555 ], [ 87.89291, 48.98304 ], [ 87.87304, 48.95492 ], [ 87.77485, 48.91958 ], [ 87.7611, 48.88103 ], [ 87.84248, 48.79465 ], [ 87.93387, 48.7618 ], [ 87.99159, 48.76576 ], [ 88.05942, 48.735 ], [ 88.08648, 48.69655 ], [ 87.97436, 48.61076 ], [ 87.96749, 48.58777 ], [ 87.99193, 48.56541 ], [ 88.19123, 48.5007 ], [ 88.24178, 48.50555 ], [ 88.51679, 48.40582 ], [ 88.59109, 48.34832 ], [ 88.58305, 48.28722 ], [ 88.61179, 48.21193 ], [ 88.65985, 48.17999 ], [ 88.86137, 48.11638 ], [ 88.93734, 48.11416 ], [ 89.08514, 47.99374 ], [ 89.22484, 47.98082 ], [ 89.38991, 48.04673 ], [ 89.54873, 48.04208 ], [ 89.59277, 48.02728 ], [ 89.60137, 47.98257 ], [ 89.67027, 47.91143 ], [ 89.78554, 47.82926 ], [ 89.93124, 47.83529 ], [ 89.96262, 47.84821 ], [ 89.9688, 47.87794 ], [ 89.99179, 47.89368 ], [ 90.07096, 47.88791 ], [ 90.0904, 47.86298 ], [ 90.0811, 47.83083 ], [ 90.10027, 47.7686 ], [ 90.14311, 47.73221 ], [ 90.26832, 47.69707 ], [ 90.3512, 47.62797 ], [ 90.42499, 47.52777 ], [ 90.46582, 47.50028 ], [ 90.49331, 47.31707 ], [ 90.54415, 47.24444 ], [ 90.71138, 47.04194 ], [ 90.76902, 46.99749 ], [ 90.85721, 46.9886 ], [ 90.9136, 46.95221 ], [ 91.04331, 46.72485 ], [ 91.02025, 46.60011 ], [ 91.07027, 46.57735 ], [ 91.06109, 46.54277 ], [ 90.92151, 46.29694 ], [ 90.97526, 46.17333 ], [ 91.02665, 46.10805 ], [ 91.02651, 46.01735 ], [ 90.87415, 45.90305 ], [ 90.71943, 45.73555 ], [ 90.68193, 45.57972 ], [ 90.68387, 45.49208 ], [ 90.77721, 45.43638 ], [ 90.80775, 45.3711 ], [ 90.89694, 45.25305 ], [ 91.01138, 45.2236 ], [ 91.13791, 45.21346 ], [ 91.19067, 45.17096 ], [ 91.28595, 45.13402 ], [ 91.37915, 45.11902 ], [ 91.44359, 45.15312 ], [ 91.47116, 45.15242 ], [ 91.56089, 45.07729 ], [ 92.06749, 45.08305 ], [ 92.31026, 45.02638 ], [ 92.49276, 45.00333 ], [ 92.78811, 45.04763 ], [ 92.88275, 45.04583 ], [ 92.99026, 45.00972 ], [ 93.17943, 45.01639 ], [ 93.29206, 44.9836 ], [ 93.37025, 44.99083 ], [ 93.55471, 44.95722 ], [ 93.67498, 44.91582 ], [ 93.75555, 44.8625 ], [ 94.11081, 44.70999 ], [ 94.31346, 44.59041 ], [ 94.34304, 44.55721 ], [ 94.60318, 44.4518 ], [ 94.71735, 44.35499 ], [ 95.02873, 44.25708 ], [ 95.41061, 44.29416 ], [ 95.41998, 44.27575 ], [ 95.35027, 44.17777 ], [ 95.34109, 44.01937 ], [ 95.53339, 43.99311 ], [ 95.62706, 43.85903 ], [ 95.66527, 43.7386 ], [ 95.74637, 43.58499 ], [ 95.8654, 43.41082 ], [ 95.87901, 43.28388 ], [ 95.91721, 43.23402 ], [ 96.35693, 42.90694 ], [ 96.38207, 42.73499 ], [ 96.9986, 42.76138 ], [ 97.1654, 42.79582 ], [ 98.22138, 42.64583 ], [ 99.51012, 42.57194 ], [ 99.98637, 42.6536 ], [ 100.25499, 42.6411 ], [ 100.31276, 42.68957 ], [ 100.84248, 42.67707 ], [ 101.59554, 42.53055 ], [ 101.8147, 42.50972 ], [ 102.0772, 42.23333 ], [ 102.44246, 42.1511 ], [ 102.55027, 42.16666 ], [ 102.71249, 42.16138 ], [ 103.41638, 41.88721 ], [ 103.84943, 41.80249 ], [ 104.06943, 41.8043 ], [ 104.52666, 41.87721 ], [ 104.52374, 41.67069 ], [ 104.68441, 41.64583 ], [ 104.93054, 41.65193 ], [ 105.00651, 41.58666 ], [ 105.22249, 41.7468 ], [ 105.85527, 41.9875 ], [ 106.78194, 42.29555 ], [ 106.98611, 42.31082 ], [ 107.2625, 42.35999 ], [ 107.27721, 42.41055 ], [ 107.47582, 42.46625 ], [ 107.56304, 42.41569 ], [ 107.90776, 42.40833 ], [ 108.24945, 42.46234 ], [ 108.30664, 42.43707 ], [ 108.52777, 42.44221 ], [ 108.84707, 42.39999 ], [ 109.0, 42.45833 ], [ 109.31067, 42.42999 ], [ 109.32083, 42.44777 ], [ 109.51401, 42.45652 ], [ 109.74387, 42.57583 ], [ 109.93498, 42.6411 ], [ 110.10637, 42.64576 ], [ 110.1334, 42.67381 ], [ 110.44054, 42.77777 ], [ 110.47192, 42.8461 ], [ 110.62303, 42.93999 ], [ 110.6736, 43.00333 ], [ 110.68997, 43.0536 ], [ 110.9897, 43.31694 ], [ 111.07692, 43.35916 ], [ 111.6386, 43.54333 ], [ 111.78387, 43.67249 ], [ 111.89722, 43.67416 ], [ 111.95833, 43.69221 ], [ 111.97679, 43.76958 ], [ 111.95972, 43.83527 ], [ 111.87944, 43.93888 ], [ 111.80802, 43.99638 ], [ 111.67665, 44.05013 ], [ 111.55692, 44.17471 ], [ 111.52499, 44.24333 ], [ 111.42941, 44.33284 ], [ 111.42137, 44.37527 ], [ 111.43887, 44.43916 ], [ 111.55555, 44.57027 ], [ 111.57167, 44.62054 ], [ 111.5679, 44.67708 ], [ 111.63081, 44.77416 ], [ 111.78499, 45.00055 ], [ 111.87303, 45.04944 ], [ 111.98082, 45.09166 ], [ 112.05109, 45.10055 ], [ 112.09721, 45.07527 ], [ 112.3647, 45.06777 ], [ 112.4272, 45.08055 ], [ 112.5565, 44.99374 ], [ 112.60748, 44.92638 ], [ 112.85305, 44.8461 ], [ 113.14305, 44.79513 ], [ 113.5111, 44.77721 ], [ 113.55194, 44.75249 ], [ 113.63805, 44.74527 ], [ 113.91692, 44.92277 ], [ 114.07555, 44.93916 ], [ 114.24304, 45.07083 ], [ 114.45401, 45.20611 ], [ 114.54109, 45.32277 ], [ 114.54526, 45.38944 ], [ 114.74305, 45.44055 ], [ 114.93802, 45.38277 ], [ 115.17442, 45.40388 ], [ 115.39222, 45.39888 ], [ 115.4747, 45.41415 ], [ 115.70193, 45.4586 ], [ 115.80081, 45.54555 ], [ 116.03137, 45.68555 ], [ 116.1122, 45.68111 ], [ 116.18956, 45.70874 ], [ 116.28006, 45.80895 ], [ 116.236090000000104, 45.90096 ], [ 116.38417, 46.1125 ], [ 116.54082, 46.22527 ], [ 116.56999, 46.25257 ], [ 116.58554, 46.29583 ], [ 116.6718, 46.32724 ], [ 116.75862, 46.33111 ], [ 116.84166, 46.39361 ], [ 117.0786, 46.36194 ], [ 117.37082, 46.36444 ], [ 117.39276, 46.4575 ], [ 117.44387, 46.52777 ], [ 117.42498, 46.57069 ], [ 117.60192, 46.60583 ], [ 117.632750000000101, 46.5511 ], [ 117.71665, 46.51388 ], [ 117.84554, 46.53645 ], [ 117.87608, 46.58167 ], [ 117.9336, 46.61944 ], [ 118.3147, 46.73638 ], [ 118.40958, 46.71958 ], [ 118.45624, 46.6943 ], [ 118.77463, 46.68666 ], [ 118.78755, 46.71673 ], [ 118.86651, 46.77201 ], [ 118.97192, 46.74222 ], [ 119.070610000000102, 46.67266 ], [ 119.30054, 46.62096 ], [ 119.39555, 46.61777 ], [ 119.46276, 46.63916 ], [ 119.65263, 46.62305 ], [ 119.70679, 46.59895 ], [ 119.89804, 46.67695 ], [ 119.93151, 46.71513 ], [ 119.92249, 46.90222 ], [ 119.87137, 46.9218 ], [ 119.79874, 46.99805 ], [ 119.78905, 47.08305 ], [ 119.727490000000103, 47.16652 ], [ 119.33832, 47.41972 ], [ 119.34082, 47.46221 ], [ 119.14943, 47.53388 ], [ 119.12497, 47.66499 ], [ 118.7673, 47.77278 ], [ 118.53934, 47.99475 ], [ 118.23027, 48.02999 ], [ 117.80455, 48.01124 ], [ 117.38268, 47.65742 ], [ 117.32776, 47.66915 ], [ 117.113430000000108, 47.80658 ], [ 116.874690000000101, 47.88805 ], [ 116.50776, 47.84527 ], [ 116.26236, 47.87818 ], [ 116.11553, 47.82194 ], [ 115.96608, 47.69013 ], [ 115.92311, 47.69186 ], [ 115.59441, 47.91749 ], [ 115.54907, 48.14353 ], [ 115.83582, 48.25249 ], [ 115.8111, 48.52055 ], [ 116.08415, 48.81583 ], [ 116.05902, 48.86805 ], [ 116.71138, 49.83047 ], [ 116.96138, 49.71638 ], [ 117.16998, 49.65249 ], [ 117.28749, 49.62666 ], [ 117.49444, 49.62305 ], [ 117.79484, 49.51819 ], [ 117.87471, 49.52058 ], [ 118.48067, 49.84173 ], [ 118.49233, 49.86999 ], [ 118.574570000000108, 49.92263 ], [ 118.6747, 49.95527 ], [ 119.17415, 50.00139 ], [ 119.32103, 50.09631 ], [ 119.34648, 50.15019 ], [ 119.33005, 50.27527 ], [ 119.35999, 50.33028 ], [ 119.34796, 50.34617 ], [ 119.19832, 50.34527 ], [ 119.13859, 50.39027 ], [ 119.16645, 50.41256 ], [ 119.20415, 50.41082 ], [ 119.23804, 50.44096 ], [ 119.29414, 50.59749 ], [ 119.4588, 50.69624 ], [ 119.50602, 50.74902 ], [ 119.52082, 50.90235 ], [ 119.589700000000107, 50.97276 ], [ 119.68877, 51.01844 ], [ 119.74789, 51.07652 ], [ 119.78026, 51.16874 ], [ 119.76624, 51.1886 ], [ 119.7761, 51.21361 ], [ 119.81547, 51.26916 ], [ 119.86432, 51.28718 ], [ 119.95665, 51.38999 ], [ 119.98305, 51.49305 ], [ 120.06415, 51.62082 ], [ 120.1077, 51.66422 ], [ 120.16158, 51.66666 ], [ 120.1972, 51.6861 ], [ 120.31026, 51.77305 ], [ 120.49164, 51.8786 ], [ 120.65203, 51.91435 ], [ 120.71096, 51.97999 ], [ 120.776660000000106, 52.115 ], [ 120.78179, 52.15763 ], [ 120.75166, 52.21055 ], [ 120.72191, 52.25166 ], [ 120.65255, 52.29867 ], [ 120.6259, 52.34423 ], [ 120.68331, 52.42846 ], [ 120.71217, 52.54267 ], [ 120.44026, 52.63721 ], [ 120.28943, 52.61555 ], [ 120.18558, 52.57982 ], [ 120.08193, 52.58805 ], [ 120.04061, 52.60683 ], [ 120.02575, 52.64147 ], [ 120.03144, 52.76819 ], [ 120.26873, 52.85708 ], [ 120.46946, 53.02007 ], [ 120.86651, 53.27978 ], [ 121.06609, 53.29138 ], [ 121.12996, 53.27249 ], [ 121.21193, 53.27152 ], [ 121.3336, 53.31916 ], [ 121.52304, 53.33305 ], [ 121.82998, 53.41305 ], [ 122.06144, 53.4129 ], [ 122.24609, 53.45694 ], [ 122.84082, 53.45222 ], [ 122.9236, 53.4786 ], [ 123.15332, 53.50055 ], [ 123.25471, 53.55374 ], [ 123.44275, 53.52249 ], [ 123.48719, 53.53943 ], [ 123.61471, 53.54361 ], [ 123.86637, 53.48054 ], [ 123.98146, 53.43126 ], [ 124.02178, 53.38582 ], [ 124.10443, 53.34083 ], [ 124.22943, 53.36305 ], [ 124.26901, 53.3468 ], [ 124.33886, 53.25555 ], [ 124.40221, 53.21221 ], [ 124.4933, 53.18832 ], [ 124.64388, 53.18777 ], [ 124.81833, 53.12694 ], [ 124.96361, 53.18277 ], [ 125.164990000000103, 53.19305 ], [ 125.48553, 53.06916 ], [ 125.620050000000106, 53.05027 ], [ 125.72748, 52.98152 ], [ 125.72228, 52.94569 ], [ 125.660260000000108, 52.9236 ], [ 125.64499, 52.89756 ], [ 125.65734, 52.8752 ], [ 125.74444, 52.88999 ], [ 125.85574, 52.86284 ], [ 125.9729, 52.76395 ], [ 126.06485, 52.78159 ], [ 126.0968, 52.75722 ], [ 126.03721, 52.71611 ], [ 125.97297, 52.63749 ], [ 125.99429, 52.57611 ], [ 126.0332, 52.56431 ], [ 126.08686, 52.58916 ], [ 126.17997, 52.54403 ], [ 126.21319, 52.51 ], [ 126.19636, 52.47645 ], [ 126.20903, 52.46069 ], [ 126.275670000000105, 52.45346 ], [ 126.33388, 52.39583 ], [ 126.34861, 52.29167 ], [ 126.30748, 52.21256 ], [ 126.31887, 52.19221 ], [ 126.46985, 52.16569 ], [ 126.55498, 52.12694 ], [ 126.50943, 52.03736 ], [ 126.45456, 52.02069 ], [ 126.44122, 51.99436 ], [ 126.47109, 51.92999 ], [ 126.60915, 51.78722 ], [ 126.71839, 51.71009 ], [ 126.72637, 51.63409 ], [ 126.79443, 51.42312 ], [ 126.91388, 51.38138 ], [ 126.89039, 51.35034 ], [ 126.81985, 51.32735 ], [ 126.80733, 51.30458 ], [ 126.81761, 51.26555 ], [ 126.8511, 51.24124 ], [ 126.89353, 51.24117 ], [ 126.89377, 51.30315 ], [ 126.96887, 51.31923 ], [ 126.97519, 51.29972 ], [ 126.89874, 51.1811 ], [ 126.9331, 51.05825 ], [ 127.04611, 50.95535 ], [ 127.13318, 50.90957 ], [ 127.19304, 50.82471 ], [ 127.29193, 50.74138 ], [ 127.27921, 50.68471 ], [ 127.36692, 50.57611 ], [ 127.29088, 50.45923 ], [ 127.33402, 50.31472 ], [ 127.58607, 50.20856 ], [ 127.57445, 50.13694 ], [ 127.48955, 50.04541 ], [ 127.51501, 49.80588 ], [ 127.53567, 49.78583 ], [ 127.67178, 49.74603 ], [ 127.68879, 49.6704 ], [ 127.83805, 49.58665 ], [ 128.10275, 49.53666 ], [ 128.18677, 49.53417 ], [ 128.39775, 49.57707 ], [ 128.711910000000103, 49.58443 ], [ 128.79025, 49.56819 ], [ 128.87524, 49.47777 ], [ 129.00244, 49.43597 ], [ 129.0523, 49.36396 ], [ 129.11179, 49.34676 ], [ 129.18471, 49.38752 ], [ 129.3905, 49.42786 ], [ 129.49021, 49.4158 ], [ 129.52347, 49.39124 ], [ 129.53071, 49.31386 ], [ 129.55244, 49.28776 ], [ 129.60521, 49.26833 ], [ 129.68603, 49.2789 ], [ 129.72554, 49.26217 ], [ 129.74632, 49.18155 ], [ 129.91271, 49.07172 ], [ 129.90764, 49.04173 ], [ 130.22462, 48.86464 ], [ 130.26429, 48.86027 ], [ 130.41803, 48.8961 ], [ 130.45149, 48.89236 ], [ 130.50903, 48.85152 ], [ 130.62769, 48.87465 ], [ 130.67399, 48.86041 ], [ 130.52359, 48.60576 ], [ 130.60941, 48.51999 ], [ 130.73746, 48.42943 ], [ 130.82399, 48.3268 ], [ 130.83149, 48.29389 ], [ 130.75387, 48.19249 ], [ 130.67838, 48.13895 ], [ 130.65983, 48.10839 ], [ 130.67956, 48.04763 ], [ 130.88372, 47.90624 ], [ 130.94607, 47.79777 ], [ 130.93997, 47.72027 ], [ 130.992170000000101, 47.68721 ], [ 131.08594, 47.67218 ], [ 131.26819, 47.73027 ], [ 131.41666, 47.7386 ], [ 131.53497, 47.71923 ], [ 131.547060000000101, 47.69749 ], [ 131.61802, 47.66388 ], [ 131.91498, 47.66999 ], [ 132.12161, 47.69277 ], [ 132.34107, 47.74249 ], [ 132.52109, 47.71028 ], [ 132.57788, 47.73325 ], [ 132.66207, 47.87193 ], [ 132.86386, 47.99444 ], [ 133.08273, 48.09888 ], [ 133.27221, 48.10416 ], [ 133.48427, 48.06888 ], [ 133.540800000000104, 48.09888 ], [ 133.59634, 48.17402 ], [ 133.75137, 48.24972 ], [ 133.88471, 48.26416 ], [ 134.039270000000101, 48.32305 ], [ 134.20691, 48.34249 ], [ 134.41534, 48.39112 ], [ 134.48273, 48.35027 ], [ 134.74076, 48.26713 ], [ 134.71642, 48.26041 ], [ 134.68076, 48.21473 ], [ 134.68616, 48.18284 ], [ 134.66103, 48.10062 ], [ 134.58178, 48.06041 ], [ 134.55759, 47.99207 ], [ 134.59365, 47.91109 ], [ 134.68436, 47.8009 ], [ 134.76847, 47.73728 ], [ 134.76082, 47.70027 ], [ 134.55478, 47.46914 ], [ 134.4858, 47.42958 ], [ 134.31469, 47.4211 ], [ 134.182460000000106, 47.32332 ], [ 134.14929, 47.2486 ], [ 134.22285, 47.12999 ], [ 134.21519, 47.09968 ], [ 134.11358, 47.05583 ], [ 134.03937, 46.86049 ], [ 134.04329, 46.76683 ], [ 134.01944, 46.66666 ], [ 133.97093, 46.61132 ], [ 133.90892, 46.57812 ], [ 133.84718, 46.47888 ], [ 133.85052, 46.44323 ], [ 133.9028, 46.42122 ], [ 133.92972, 46.38188 ], [ 133.90161, 46.25363 ], [ 133.83025, 46.19499 ], [ 133.744690000000105, 46.15582 ], [ 133.72384, 46.06903 ], [ 133.66023, 45.93517 ], [ 133.5795, 45.87129 ], [ 133.52108, 45.88342 ], [ 133.47606, 45.82347 ], [ 133.487530000000106, 45.67825 ], [ 133.47025, 45.62458 ], [ 133.38217, 45.56999 ], [ 133.19225, 45.50382 ], [ 133.14913, 45.45083 ], [ 133.10189, 45.29444 ], [ 133.0992, 45.22888 ], [ 133.12621, 45.16471 ], [ 133.11747, 45.12457 ], [ 133.02527, 45.05694 ], [ 132.93146, 45.02141 ], [ 132.79941, 45.06499 ], [ 131.99243, 45.24144 ], [ 131.92373, 45.28611 ], [ 131.89579, 45.33757 ], [ 131.868430000000103, 45.34582 ], [ 131.83616, 45.3343 ], [ 131.703310000000101, 45.2161 ], [ 131.64638, 45.10805 ], [ 131.46911, 44.97388 ], [ 131.34108, 44.97096 ], [ 131.28617, 44.9318 ], [ 131.21246, 44.91054 ], [ 131.12454, 44.92735 ], [ 131.06775, 44.90971 ], [ 130.95299, 44.83648 ], [ 131.000680000000102, 44.78194 ], [ 131.05559, 44.75346 ], [ 131.09552, 44.69138 ], [ 131.29803, 44.05194 ], [ 131.244420000000105, 44.02138 ], [ 131.23107, 43.97388 ], [ 131.19913, 43.81889 ], [ 131.19123, 43.53624 ], [ 131.30101, 43.45714 ], [ 131.31039, 43.38958 ], [ 131.26416, 43.27027 ], [ 131.19192, 43.18582 ], [ 131.10621, 43.03889 ], [ 131.10399, 42.98221 ], [ 131.133380000000102, 42.93971 ], [ 131.1285, 42.91645 ], [ 131.02137, 42.85708 ], [ 130.88719, 42.8518 ], [ 130.79554, 42.87193 ], [ 130.63803, 42.83167 ], [ 130.43274, 42.74485 ], [ 130.41112, 42.70311 ], [ 130.47115, 42.67916 ], [ 130.53609, 42.682 ], [ 130.60522, 42.61971 ], [ 130.61871, 42.58541 ], [ 130.58026, 42.4811 ], [ 130.60437, 42.42186 ] ] ] ] } },
{ "type": "Feature", "properties": { "geo_point_2d": { "lon": 127.18195650688813, "lat": 40.14306377266305 }, "iso3": "PRK", "status": "Member State", "color_code": "PRK", "name": "North Korea", "continent": "Asia", "region": "Eastern Asia", "iso_3166_1_alpha_2_codes": "KP", "french_short": "République populaire démocratique de Corée", "iso2": "KP" }, "geometry": { "type": "Polygon", "coordinates": [ [ [ 130.69742, 42.29221 ], [ 130.59969, 42.25458 ], [ 130.57969, 42.30506 ], [ 130.50027, 42.32388 ], [ 130.42081, 42.31194 ], [ 130.20831, 42.16777 ], [ 129.98413, 41.97994 ], [ 129.94971, 41.88387 ], [ 129.84725, 41.75673 ], [ 129.78219, 41.75597 ], [ 129.69787, 41.64568 ], [ 129.66416, 41.54972 ], [ 129.66664, 41.47957 ], [ 129.69623, 41.43582 ], [ 129.80359, 41.37742 ], [ 129.71968, 41.18055 ], [ 129.71857, 41.00388 ], [ 129.7522, 40.94186 ], [ 129.72732, 40.85986 ], [ 129.70204, 40.83069 ], [ 129.56456, 40.82124 ], [ 129.21516, 40.6793 ], [ 129.17025, 40.56013 ], [ 129.10787, 40.4779 ], [ 128.97775, 40.45041 ], [ 128.87329, 40.3643 ], [ 128.63666, 40.27277 ], [ 128.59802, 40.17416 ], [ 128.33246, 40.05361 ], [ 128.18414, 40.02361 ], [ 128.00137, 40.03722 ], [ 127.86904, 39.88595 ], [ 127.61234, 39.81124 ], [ 127.51763, 39.73957 ], [ 127.50312, 39.71284 ], [ 127.50444, 39.64472 ], [ 127.56018, 39.31114 ], [ 127.52832, 39.30298 ], [ 127.53165, 39.38874 ], [ 127.49783, 39.42777 ], [ 127.45748, 39.42006 ], [ 127.37468, 39.37221 ], [ 127.37643, 39.23513 ], [ 127.39971, 39.19527 ], [ 127.44776, 39.16451 ], [ 127.78276, 39.08832 ], [ 127.85582, 38.98735 ], [ 128.01082, 38.85847 ], [ 128.1222, 38.81916 ], [ 128.20135, 38.73527 ], [ 128.2933, 38.72749 ], [ 128.36273, 38.67686 ], [ 128.36355, 38.62524 ], [ 128.3085, 38.58756 ], [ 128.31338, 38.52464 ], [ 128.297330000000102, 38.45943 ], [ 128.22498, 38.38166 ], [ 128.13707, 38.3293 ], [ 128.05469, 38.30666 ], [ 127.66901, 38.31972 ], [ 127.53749, 38.3075 ], [ 127.36638, 38.32333 ], [ 127.13082, 38.29819 ], [ 126.98665, 38.21374 ], [ 126.93525, 38.1286 ], [ 126.80722, 38.00055 ], [ 126.73665, 37.95513 ], [ 126.68849, 37.83391 ], [ 126.58235, 37.77201 ], [ 126.47916, 37.82028 ], [ 126.3886, 37.88721 ], [ 126.14352, 37.81833 ], [ 126.16109, 37.75764 ], [ 126.14943, 37.73436 ], [ 126.104830000000106, 37.74124 ], [ 126.06638, 37.79472 ], [ 126.04277, 37.86361 ], [ 125.96999, 37.90569 ], [ 125.94331, 37.89006 ], [ 125.97221, 37.86909 ], [ 125.98512, 37.82923 ], [ 125.92012, 37.83589 ], [ 125.82443, 37.9411 ], [ 125.80372, 37.98534 ], [ 125.60526, 38.0261 ], [ 125.57715, 38.01715 ], [ 125.59249, 37.9918 ], [ 125.72443, 37.91082 ], [ 125.64305, 37.81888 ], [ 125.5654, 37.78228 ], [ 125.52111, 37.78444 ], [ 125.38068, 37.70874 ], [ 125.34275, 37.67138 ], [ 125.33345, 37.7161 ], [ 125.38387, 37.79238 ], [ 125.48749, 37.83749 ], [ 125.50972, 37.88555 ], [ 125.456100000000106, 37.91249 ], [ 125.38749, 37.8961 ], [ 125.352760000000103, 37.86166 ], [ 125.23998, 37.92715 ], [ 125.21901, 37.88881 ], [ 125.17601, 37.86416 ], [ 125.132480000000101, 37.86805 ], [ 125.02152, 37.89548 ], [ 124.9829, 37.93329 ], [ 125.11748, 38.0425 ], [ 125.20609, 38.04305 ], [ 125.24158, 38.01396 ], [ 125.27381, 38.06374 ], [ 125.25686, 38.07729 ], [ 125.13304, 38.0911 ], [ 125.02179, 38.06291 ], [ 124.86499, 38.10291 ], [ 124.76694, 38.09666 ], [ 124.67005, 38.11951 ], [ 124.6763, 38.13965 ], [ 124.744150000000104, 38.14388 ], [ 124.86249, 38.22916 ], [ 124.86554, 38.3325 ], [ 124.95833, 38.46333 ], [ 124.9933, 38.58638 ], [ 125.05526, 38.58069 ], [ 125.15665, 38.64472 ], [ 125.30901, 38.65166 ], [ 125.37706, 38.6918 ], [ 125.4472, 38.70055 ], [ 125.554, 38.67423 ], [ 125.59248, 38.6368 ], [ 125.65259, 38.62451 ], [ 125.63304, 38.65485 ], [ 125.51721, 38.71777 ], [ 125.43222, 38.72221 ], [ 125.28324, 38.69707 ], [ 125.140540000000101, 38.79812 ], [ 125.14944, 38.86958 ], [ 125.1997, 38.92194 ], [ 125.29027, 39.15527 ], [ 125.38832, 39.2375 ], [ 125.41165, 39.27972 ], [ 125.42192, 39.30804 ], [ 125.401660000000106, 39.35889 ], [ 125.33812, 39.4345 ], [ 125.45044, 39.57236 ], [ 125.2904, 39.5193 ], [ 125.12025, 39.55874 ], [ 124.74529, 39.77322 ], [ 124.75568, 39.67784 ], [ 124.74081, 39.62929 ], [ 124.63588, 39.59801 ], [ 124.63108, 39.64985 ], [ 124.65006, 39.67693 ], [ 124.5616500000001, 39.8 ], [ 124.40637, 39.83167 ], [ 124.32395, 39.91589 ], [ 124.38859, 40.02249 ], [ 124.3736, 40.09362 ], [ 124.55471, 40.24222 ], [ 124.62692, 40.28361 ], [ 124.71099, 40.30701 ], [ 124.88512, 40.47037 ], [ 125.03997, 40.46068 ], [ 125.02471, 40.49416 ], [ 125.04276, 40.5375 ], [ 125.2861, 40.64749 ], [ 125.36914, 40.63999 ], [ 125.41269, 40.6538 ], [ 125.45749, 40.70332 ], [ 125.60386, 40.75583 ], [ 125.70311, 40.85997 ], [ 126.01179, 40.89694 ], [ 126.12468, 41.03472 ], [ 126.27915, 41.15277 ], [ 126.30998, 41.21444 ], [ 126.36693, 41.27569 ], [ 126.51026, 41.38999 ], [ 126.58318, 41.57083 ], [ 126.56607, 41.61176 ], [ 126.71276, 41.6911 ], [ 126.8479, 41.73583 ], [ 126.90471, 41.79222 ], [ 126.92762, 41.79611 ], [ 127.04803, 41.70833 ], [ 127.06081, 41.6911 ], [ 127.05703, 41.6435 ], [ 127.13498, 41.5936 ], [ 127.15942, 41.52999 ], [ 127.27083, 41.47249 ], [ 127.69415, 41.41313 ], [ 127.83527, 41.40999 ], [ 127.92803, 41.44735 ], [ 128.04413, 41.38944 ], [ 128.11434, 41.37179 ], [ 128.1529, 41.38124 ], [ 128.22247, 41.4411 ], [ 128.30025, 41.58284 ], [ 128.26944, 41.63694 ], [ 128.15566, 41.71457 ], [ 128.09843, 41.80305 ], [ 128.06079, 41.91055 ], [ 128.05664, 42.00124 ], [ 128.27552, 42.03833 ], [ 128.42249, 42.0286 ], [ 128.49705, 41.99554 ], [ 128.683090000000107, 42.02103 ], [ 128.92692, 42.02736 ], [ 128.95809, 42.07839 ], [ 129.11441, 42.13944 ], [ 129.21122, 42.2213 ], [ 129.20942, 42.26583 ], [ 129.24606, 42.37582 ], [ 129.34927, 42.44624 ], [ 129.44511, 42.43277 ], [ 129.5147, 42.38694 ], [ 129.69553, 42.43582 ], [ 129.72828, 42.4754 ], [ 129.72551, 42.54749 ], [ 129.75332, 42.71388 ], [ 129.84705, 42.94248 ], [ 129.87767, 42.99179 ], [ 129.90459, 43.00457 ], [ 130.25142, 42.88794 ], [ 130.23622, 42.78624 ], [ 130.24678, 42.71415 ], [ 130.32845, 42.6418 ], [ 130.51416, 42.56805 ], [ 130.56748, 42.44305 ], [ 130.632750000000101, 42.41137 ], [ 130.65902, 42.37527 ], [ 130.65504, 42.31812 ], [ 130.69742, 42.29221 ] ] ] } },
{ "type": "Feature", "properties": { "geo_point_2d": { "lon": 114.11005816189576, "lat": 22.377361714278614 }, "iso3": "HKG", "status": "CN Special Administrative Region", "color_code": "CHN", "name": "China", "continent": "Asia", "region": "Eastern Asia", "iso_3166_1_alpha_2_codes": "HK", "french_short": "Hong Kong", "iso2": "HK" }, "geometry": { "type": "MultiPolygon", "coordinates": [ [ [ [ 114.24802, 22.24397 ], [ 114.24401, 22.20076 ], [ 114.218890000000101, 22.23192 ], [ 114.20079, 22.19474 ], [ 114.18974, 22.24096 ], [ 114.15055, 22.25 ], [ 114.12342, 22.27613 ], [ 114.19778, 22.2912 ], [ 114.24802, 22.24397 ] ] ], [ [ [ 113.89665, 22.19583 ], [ 113.84305, 22.19361 ], [ 113.82527, 22.23222 ], [ 113.88541, 22.28264 ], [ 114.047960000000103, 22.33798 ], [ 113.99373, 22.26403 ], [ 113.9922, 22.23638 ], [ 113.89665, 22.19583 ] ] ], [ [ [ 114.033109787000058, 22.509389982000073 ], [ 114.222255687000029, 22.549657639000088 ], [ 114.21944, 22.47444 ], [ 114.23943, 22.43083 ], [ 114.31248, 22.47458 ], [ 114.38853, 22.42992 ], [ 114.382480000000101, 22.37138 ], [ 114.29261, 22.38184 ], [ 114.26208, 22.35959 ], [ 114.30657, 22.28543 ], [ 114.2961, 22.26056 ], [ 114.19802, 22.31806 ], [ 113.90561, 22.36736 ], [ 113.89692, 22.40534 ], [ 114.033109787000058, 22.509389982000073 ] ] ] ] } },
{ "type": "Feature", "properties": { "geo_point_2d": { "lon": 8.234429172288662, "lat": 46.80256937605332 }, "iso3": "CHE", "status": "Member State", "color_code": "CHE", "name": "Switzerland", "continent": "Europe", "region": "Western Europe", "iso_3166_1_alpha_2_codes": "CH", "french_short": "Suisse", "iso2": "CH" }, "geometry": { "type": "Polygon", "coordinates": [ [ [ 9.56672, 47.54045 ], [ 9.5598, 47.50209 ], [ 9.5966, 47.46944 ], [ 9.64965, 47.45861 ], [ 9.67035, 47.39069 ], [ 9.61097, 47.36222 ], [ 9.4968, 47.22333 ], [ 9.48708, 47.17263 ], [ 9.51173, 47.10597 ], [ 9.47464, 47.05746 ], [ 9.54139, 47.07 ], [ 9.87292, 47.02305 ], [ 9.8916, 47.00034 ], [ 9.87778, 46.94041 ], [ 10.10944, 46.85027 ], [ 10.2275, 46.87694 ], [ 10.31333, 46.93361 ], [ 10.35062, 46.99124 ], [ 10.39076, 47.00257 ], [ 10.48821, 46.93599 ], [ 10.4475, 46.76305 ], [ 10.47083, 46.63583 ], [ 10.48653, 46.61735 ], [ 10.45753, 46.54251 ], [ 10.30361, 46.55486 ], [ 10.24632, 46.59041 ], [ 10.24181, 46.63444 ], [ 10.11917, 46.61138 ], [ 10.05139, 46.54152 ], [ 10.04969, 46.44559 ], [ 10.15389, 46.39027 ], [ 10.17396, 46.26312 ], [ 10.13639, 46.23069 ], [ 10.07177, 46.2218 ], [ 9.995, 46.29167 ], [ 9.99042, 46.3552 ], [ 9.94694, 46.37958 ], [ 9.81306, 46.35833 ], [ 9.70882, 46.30027 ], [ 9.62472, 46.29194 ], [ 9.54486, 46.30624 ], [ 9.45764, 46.38624 ], [ 9.455, 46.4725 ], [ 9.3668, 46.50805 ], [ 9.29378, 46.50083 ], [ 9.25062, 46.44242 ], [ 9.27312, 46.42576 ], [ 9.29264, 46.32486 ], [ 9.24101, 46.23363 ], [ 9.08333, 46.12111 ], [ 9.03583, 46.05722 ], [ 8.99736, 45.97514 ], [ 9.02299, 45.93895 ], [ 9.0841, 45.90229 ], [ 9.03666, 45.83778 ], [ 8.99833, 45.82944 ], [ 8.95111, 45.84527 ], [ 8.89778, 45.95277 ], [ 8.81986, 45.98639 ], [ 8.82028, 46.03389 ], [ 8.85146, 46.05673 ], [ 8.82222, 46.09861 ], [ 8.74722, 46.12111 ], [ 8.69653, 46.10111 ], [ 8.61583, 46.12125 ], [ 8.445, 46.24722 ], [ 8.43458, 46.29319 ], [ 8.46597, 46.37263 ], [ 8.46083, 46.44833 ], [ 8.44145, 46.46208 ], [ 8.36528, 46.4536 ], [ 8.30375, 46.42291 ], [ 8.14194, 46.22291 ], [ 8.15875, 46.18382 ], [ 8.14958, 46.15124 ], [ 8.00903, 46.0093 ], [ 7.8793, 45.97514 ], [ 7.85574, 45.91905 ], [ 7.74333, 45.93222 ], [ 7.65028, 45.98055 ], [ 7.53667, 45.98167 ], [ 7.38611, 45.91541 ], [ 7.29681, 45.92319 ], [ 7.19139, 45.88069 ], [ 7.10326, 45.88354 ], [ 7.03805, 45.93194 ], [ 7.00722, 45.99806 ], [ 6.78347, 46.15472 ], [ 6.80702, 46.40423 ], [ 6.79833, 46.42861 ], [ 6.70278, 46.45472 ], [ 6.51514, 46.45846 ], [ 6.29556, 46.39416 ], [ 6.23, 46.3302 ], [ 6.27195, 46.26194 ], [ 6.24555, 46.21833 ], [ 6.13326, 46.14978 ], [ 5.99639, 46.14694 ], [ 5.96701, 46.20729 ], [ 6.00917, 46.23389 ], [ 6.11556, 46.26152 ], [ 6.10611, 46.29749 ], [ 6.15354, 46.37927 ], [ 6.07111, 46.42638 ], [ 6.13528, 46.53972 ], [ 6.12868, 46.58805 ], [ 6.26917, 46.68278 ], [ 6.435, 46.75805 ], [ 6.45687, 46.78145 ], [ 6.44694, 46.83944 ], [ 6.46028, 46.89583 ], [ 6.52833, 46.97167 ], [ 6.6325, 47.0 ], [ 6.69944, 47.06389 ], [ 6.84972, 47.16499 ], [ 6.83896, 47.17152 ], [ 6.97167, 47.29194 ], [ 7.00083, 47.365 ], [ 6.88167, 47.36368 ], [ 6.99056, 47.49722 ], [ 7.025, 47.50805 ], [ 7.14642, 47.49905 ], [ 7.18292, 47.44402 ], [ 7.24771, 47.42166 ], [ 7.41555, 47.44528 ], [ 7.50222, 47.50055 ], [ 7.50257, 47.54993 ], [ 7.64056, 47.60388 ], [ 7.67569, 47.60499 ], [ 7.66882, 47.57604 ], [ 7.62111, 47.5611 ], [ 7.69722, 47.54333 ], [ 8.03333, 47.55611 ], [ 8.10184, 47.57107 ], [ 8.19576, 47.62034 ], [ 8.43583, 47.57361 ], [ 8.52347, 47.6327 ], [ 8.56291, 47.6184 ], [ 8.57642, 47.59137 ], [ 8.62496, 47.65621 ], [ 8.61025, 47.66773 ], [ 8.48542, 47.64708 ], [ 8.41903, 47.67388 ], [ 8.40694, 47.7018 ], [ 8.47708, 47.77062 ], [ 8.56292, 47.80666 ], [ 8.66139, 47.79805 ], [ 8.73646, 47.75708 ], [ 8.72022, 47.69662 ], [ 8.80013, 47.68172 ], [ 8.77437, 47.71597 ], [ 8.80548, 47.73604 ], [ 8.89889, 47.65083 ], [ 9.03333, 47.68833 ], [ 9.2611, 47.66284 ], [ 9.56672, 47.54045 ] ] ] } },
{ "type": "Feature", "properties": { "geo_point_2d": { "lon": 2.551955216777798, "lat": 46.5645020539879 }, "iso3": "FRA", "status": "Member State", "color_code": "FRA", "name": "France", "continent": "Europe", "region": "Western Europe", "iso_3166_1_alpha_2_codes": "FR", "french_short": "France", "iso2": "FR" }, "geometry": { "type": "MultiPolygon", "coordinates": [ [ [ [ 9.4475, 42.68305 ], [ 9.47597, 42.57917 ], [ 9.50833, 42.57044 ], [ 9.46153, 42.63708 ], [ 9.53278, 42.54555 ], [ 9.56222, 42.27277 ], [ 9.55257, 42.11833 ], [ 9.40833, 41.94458 ], [ 9.39889, 41.69888 ], [ 9.37792, 41.65208 ], [ 9.32055, 41.6025 ], [ 9.27167, 41.52056 ], [ 9.24194, 41.45194 ], [ 9.25111, 41.42121 ], [ 9.21965, 41.36729 ], [ 9.18257, 41.36492 ], [ 9.13222, 41.39417 ], [ 9.11583, 41.43194 ], [ 8.79041, 41.55784 ], [ 8.78555, 41.61332 ], [ 8.80698, 41.63389 ], [ 8.87514, 41.64805 ], [ 8.91712, 41.68569 ], [ 8.72583, 41.72944 ], [ 8.705, 41.75944 ], [ 8.78889, 41.85333 ], [ 8.80236, 41.90041 ], [ 8.78062, 41.92638 ], [ 8.62722, 41.90666 ], [ 8.59097, 41.96353 ], [ 8.64055, 41.96875 ], [ 8.66639, 41.98465 ], [ 8.65944, 42.00833 ], [ 8.74319, 42.04937 ], [ 8.68111, 42.10638 ], [ 8.60833, 42.13278 ], [ 8.58722, 42.16971 ], [ 8.57055, 42.22166 ], [ 8.61833, 42.25305 ], [ 8.68455, 42.26881 ], [ 8.63167, 42.33694 ], [ 8.58944, 42.35069 ], [ 8.57583, 42.38361 ], [ 8.71819, 42.57055 ], [ 9.05743, 42.68403 ], [ 9.11764, 42.72944 ], [ 9.25319, 42.71986 ], [ 9.28889, 42.67499 ], [ 9.31479, 42.69354 ], [ 9.34201, 42.73819 ], [ 9.33632, 42.7977 ], [ 9.31257, 42.8293 ], [ 9.3468, 43.00041 ], [ 9.42125, 43.01041 ], [ 9.45958, 42.98805 ], [ 9.4884, 42.80701 ], [ 9.4475, 42.68305 ] ] ], [ [ [ -1.19118, 45.82617 ], [ -1.21194, 45.80694 ], [ -1.28403, 45.90666 ], [ -1.36556, 45.95027 ], [ -1.39924, 46.04986 ], [ -1.36139, 46.04388 ], [ -1.23306, 45.96472 ], [ -1.17125, 45.89132 ], [ -1.19118, 45.82617 ] ] ], [ [ [ -1.25799, 46.15968 ], [ -1.29944, 46.15666 ], [ -1.50694, 46.20416 ], [ -1.55139, 46.24604 ], [ -1.47736, 46.25625 ], [ -1.29167, 46.19805 ], [ -1.25799, 46.15968 ] ] ], [ [ [ -3.06361, 47.31444 ], [ -3.08583, 47.28777 ], [ -3.20819, 47.30055 ], [ -3.23833, 47.31694 ], [ -3.25958, 47.37173 ], [ -3.24694, 47.39166 ], [ -3.06361, 47.31444 ] ] ], [ [ [ -3.56611, 48.80583 ], [ -3.57556, 48.81249 ], [ -3.56333, 48.80861 ], [ -3.56611, 48.80583 ] ] ], [ [ [ 2.54167, 51.09111 ], [ 2.5975, 50.99583 ], [ 2.59778, 50.92583 ], [ 2.65056, 50.81611 ], [ 2.89806, 50.70305 ], [ 2.96056, 50.7575 ], [ 3.11639, 50.79166 ], [ 3.15858, 50.78437 ], [ 3.24264, 50.66416 ], [ 3.27931, 50.54 ], [ 3.29708, 50.5243 ], [ 3.37, 50.49528 ], [ 3.51806, 50.51888 ], [ 3.61397, 50.49294 ], [ 3.6604, 50.45527 ], [ 3.67695, 50.39527 ], [ 3.77472, 50.35388 ], [ 3.88972, 50.34 ], [ 4.03576, 50.35599 ], [ 4.165, 50.28305 ], [ 4.19444, 50.2375 ], [ 4.14924, 49.97837 ], [ 4.21526, 49.9596 ], [ 4.31722, 49.96972 ], [ 4.45812, 49.93923 ], [ 4.51056, 49.9475 ], [ 4.67667, 49.99916 ], [ 4.69375, 50.08402 ], [ 4.82472, 50.16757 ], [ 4.8859, 50.13416 ], [ 4.83889, 50.06916 ], [ 4.82083, 49.99278 ], [ 4.86847, 49.80222 ], [ 4.90972, 49.7893 ], [ 4.99055, 49.80361 ], [ 5.33111, 49.65666 ], [ 5.4325, 49.60347 ], [ 5.47493, 49.5359 ], [ 5.47278, 49.50888 ], [ 5.79222, 49.54583 ], [ 5.85528, 49.50111 ], [ 5.97958, 49.44847 ], [ 6.0925, 49.45361 ], [ 6.16069, 49.5043 ], [ 6.24732, 49.50597 ], [ 6.36217, 49.45939 ], [ 6.41375, 49.47569 ], [ 6.54125, 49.42389 ], [ 6.68694, 49.24499 ], [ 6.72924, 49.16763 ], [ 6.8341, 49.15507 ], [ 6.85635, 49.18176 ], [ 6.84608, 49.21204 ], [ 6.92986, 49.2202 ], [ 7.01944, 49.18749 ], [ 7.09056, 49.1275 ], [ 7.28972, 49.11166 ], [ 7.36403, 49.15194 ], [ 7.36901, 49.16878 ], [ 7.42556, 49.17645 ], [ 7.48694, 49.16416 ], [ 7.65209, 49.04493 ], [ 7.93597, 49.04888 ], [ 8.22608, 48.96442 ], [ 8.19833, 48.95541 ], [ 8.1375, 48.89319 ], [ 8.09222, 48.8036 ], [ 7.88, 48.66416 ], [ 7.80222, 48.57583 ], [ 7.73667, 48.39403 ], [ 7.74871, 48.33579 ], [ 7.57838, 48.1172 ], [ 7.57049, 48.0441 ], [ 7.61977, 47.99652 ], [ 7.62319, 47.97305 ], [ 7.52667, 47.78805 ], [ 7.51208, 47.69514 ], [ 7.52764, 47.66242 ], [ 7.56417, 47.63916 ], [ 7.58827, 47.58448 ], [ 7.50257, 47.54993 ], [ 7.49694, 47.49499 ], [ 7.38542, 47.43333 ], [ 7.30833, 47.44028 ], [ 7.24771, 47.42166 ], [ 7.18292, 47.44402 ], [ 7.14642, 47.49905 ], [ 7.025, 47.50805 ], [ 6.99056, 47.49722 ], [ 6.88167, 47.36368 ], [ 7.00083, 47.365 ], [ 6.97167, 47.29194 ], [ 6.83896, 47.17152 ], [ 6.84972, 47.16499 ], [ 6.69944, 47.06389 ], [ 6.6325, 47.0 ], [ 6.52833, 46.97167 ], [ 6.46028, 46.89583 ], [ 6.44694, 46.83944 ], [ 6.45687, 46.78145 ], [ 6.435, 46.75805 ], [ 6.26917, 46.68278 ], [ 6.12868, 46.58805 ], [ 6.13528, 46.53972 ], [ 6.07111, 46.42638 ], [ 6.15354, 46.37927 ], [ 6.10611, 46.29749 ], [ 6.11556, 46.26152 ], [ 6.00917, 46.23389 ], [ 5.96701, 46.20729 ], [ 5.99639, 46.14694 ], [ 6.13326, 46.14978 ], [ 6.1875, 46.17208 ], [ 6.24555, 46.21833 ], [ 6.27195, 46.26194 ], [ 6.23, 46.3302 ], [ 6.24486, 46.35639 ], [ 6.31972, 46.40416 ], [ 6.49194, 46.45305 ], [ 6.63361, 46.46417 ], [ 6.79833, 46.42861 ], [ 6.78347, 46.15472 ], [ 7.00722, 45.99806 ], [ 7.03805, 45.93194 ], [ 6.98451, 45.8759 ], [ 6.81333, 45.83423 ], [ 6.79935, 45.78866 ], [ 6.80986, 45.72965 ], [ 6.96944, 45.59694 ], [ 6.99542, 45.52527 ], [ 7.14694, 45.43055 ], [ 7.15861, 45.3775 ], [ 7.12778, 45.2593 ], [ 7.06472, 45.22305 ], [ 6.82167, 45.15305 ], [ 6.76639, 45.16819 ], [ 6.62397, 45.11572 ], [ 6.74903, 44.91833 ], [ 6.84931, 44.87041 ], [ 6.90167, 44.86041 ], [ 6.94236, 44.87069 ], [ 7.03167, 44.83138 ], [ 7.02833, 44.74472 ], [ 6.85278, 44.54083 ], [ 6.87792, 44.37513 ], [ 7.03139, 44.24694 ], [ 7.35083, 44.13152 ], [ 7.42097, 44.12611 ], [ 7.61472, 44.18027 ], [ 7.66222, 44.17083 ], [ 7.66167, 44.13395 ], [ 7.70905, 44.09131 ], [ 7.70625, 44.07583 ], [ 7.65861, 44.0068 ], [ 7.49621, 43.87451 ], [ 7.53193, 43.78204 ], [ 7.48417, 43.78277 ], [ 7.43929, 43.75752 ], [ 7.42899, 43.7683 ], [ 7.3909, 43.74937 ], [ 7.39161, 43.72755 ], [ 7.24681, 43.70166 ], [ 7.15569, 43.66055 ], [ 7.07472, 43.57222 ], [ 6.88819, 43.43458 ], [ 6.79417, 43.42278 ], [ 6.63639, 43.3111 ], [ 6.6375, 43.28777 ], [ 6.69576, 43.27607 ], [ 6.64167, 43.185 ], [ 6.5275, 43.18916 ], [ 6.16976, 43.11534 ], [ 6.16528, 43.05055 ], [ 6.06222, 43.10139 ], [ 5.95555, 43.11833 ], [ 5.93333, 43.08631 ], [ 5.86681, 43.05861 ], [ 5.83389, 43.06153 ], [ 5.78257, 43.09871 ], [ 5.81653, 43.11764 ], [ 5.67847, 43.19049 ], [ 5.36292, 43.22465 ], [ 5.37347, 43.27173 ], [ 5.36278, 43.3318 ], [ 5.31278, 43.36631 ], [ 5.21805, 43.33902 ], [ 5.03958, 43.34791 ], [ 5.04807, 43.39133 ], [ 5.1468, 43.41666 ], [ 5.23153, 43.46583 ], [ 5.22903, 43.49319 ], [ 5.02417, 43.55263 ], [ 5.01028, 43.51444 ], [ 5.02819, 43.48409 ], [ 5.055, 43.47416 ], [ 5.03912, 43.44312 ], [ 5.01739, 43.42827 ], [ 4.92472, 43.43479 ], [ 4.81506, 43.39922 ], [ 4.74292, 43.44145 ], [ 4.7466, 43.52187 ], [ 4.7075, 43.57208 ], [ 4.73672, 43.39811 ], [ 4.75896, 43.37415 ], [ 4.65278, 43.35972 ], [ 4.59264, 43.36652 ], [ 4.57368, 43.38749 ], [ 4.59611, 43.42815 ], [ 4.53555, 43.45833 ], [ 4.31889, 43.466 ], [ 4.31687, 43.50208 ], [ 4.28611, 43.50556 ], [ 4.24143, 43.48596 ], [ 4.28986, 43.45805 ], [ 4.19778, 43.46111 ], [ 4.16222, 43.47111 ], [ 4.13233, 43.5085 ], [ 4.13042, 43.53986 ], [ 4.10451, 43.55562 ], [ 4.05625, 43.56278 ], [ 3.96472, 43.54083 ], [ 3.54667, 43.31972 ], [ 3.335, 43.26527 ], [ 3.25806, 43.22749 ], [ 3.14111, 43.13888 ], [ 3.08139, 43.06944 ], [ 3.04528, 42.95416 ], [ 3.00361, 42.8811 ], [ 2.96132, 42.84222 ], [ 2.97917, 42.80666 ], [ 3.01222, 42.79805 ], [ 3.03806, 42.72833 ], [ 3.05812, 42.54417 ], [ 3.14139, 42.51778 ], [ 3.17765, 42.4368 ], [ 3.10611, 42.42916 ], [ 3.04799, 42.46597 ], [ 2.95, 42.48055 ], [ 2.67833, 42.40166 ], [ 2.65708, 42.38194 ], [ 2.67042, 42.34958 ], [ 2.53389, 42.33291 ], [ 2.27318, 42.43561 ], [ 2.14458, 42.4193 ], [ 2.09361, 42.36417 ], [ 2.02056, 42.35263 ], [ 1.90639, 42.44694 ], [ 1.72361, 42.50944 ], [ 1.74187, 42.56062 ], [ 1.78172, 42.56996 ], [ 1.73861, 42.61638 ], [ 1.55972, 42.65597 ], [ 1.48653, 42.65041 ], [ 1.44583, 42.60194 ], [ 1.35917, 42.71527 ], [ 1.17389, 42.70972 ], [ 1.12667, 42.76471 ], [ 1.08833, 42.78486 ], [ 0.71611, 42.85888 ], [ 0.66778, 42.83916 ], [ 0.65194, 42.785 ], [ 0.68264, 42.72124 ], [ 0.67551, 42.68849 ], [ 0.43278, 42.68666 ], [ 0.26917, 42.70756 ], [ 0.1809, 42.73451 ], [ 0.00278, 42.68608 ], [ -0.05792, 42.69979 ], [ -0.15194, 42.77666 ], [ -0.30874, 42.84838 ], [ -0.39194, 42.79639 ], [ -0.55583, 42.78 ], [ -0.71583, 42.88458 ], [ -0.73063, 42.90104 ], [ -0.72347, 42.92985 ], [ -0.7541, 42.96437 ], [ -0.81861, 42.94611 ], [ -0.94028, 42.95416 ], [ -1.30028, 43.07166 ], [ -1.34826, 43.03618 ], [ -1.43951, 43.04937 ], [ -1.46674, 43.09205 ], [ -1.42313, 43.12326 ], [ -1.38389, 43.20972 ], [ -1.38514, 43.25256 ], [ -1.40889, 43.27305 ], [ -1.65556, 43.30944 ], [ -1.73038, 43.29898 ], [ -1.78088, 43.35992 ], [ -1.66694, 43.38527 ], [ -1.59014, 43.43764 ], [ -1.44389, 43.64055 ], [ -1.42472, 43.78472 ], [ -1.32896, 44.09104 ], [ -1.24969, 44.51027 ], [ -1.20861, 44.62583 ], [ -1.15139, 44.65708 ], [ -1.09, 44.65374 ], [ -1.04063, 44.67493 ], [ -1.05986, 44.71083 ], [ -1.17014, 44.77388 ], [ -1.24583, 44.67534 ], [ -1.2475, 44.75777 ], [ -1.16833, 45.20861 ], [ -1.14, 45.49388 ], [ -1.08944, 45.55861 ], [ -1.0641, 45.56916 ], [ -1.05632, 45.52264 ], [ -0.99542, 45.47722 ], [ -0.91889, 45.45014 ], [ -0.80132, 45.3609 ], [ -0.75917, 45.30444 ], [ -0.70292, 45.105 ], [ -0.53993, 44.89562 ], [ -0.55417, 45.02333 ], [ -0.65167, 45.09208 ], [ -0.71778, 45.35721 ], [ -0.78153, 45.46652 ], [ -1.00028, 45.61444 ], [ -1.23886, 45.70622 ], [ -1.22903, 45.78791 ], [ -1.14594, 45.80294 ], [ -1.14806, 45.86778 ], [ -1.07097, 45.90395 ], [ -1.05243, 46.0386 ], [ -1.14861, 46.15333 ], [ -1.10583, 46.25861 ], [ -1.11463, 46.31658 ], [ -1.16896, 46.32639 ], [ -1.21778, 46.29763 ], [ -1.26583, 46.30499 ], [ -1.46972, 46.39278 ], [ -1.78639, 46.48833 ], [ -1.86056, 46.63777 ], [ -2.00722, 46.76166 ], [ -2.12542, 46.83097 ], [ -2.12819, 46.89951 ], [ -1.98587, 47.03693 ], [ -2.06389, 47.10208 ], [ -2.17083, 47.12667 ], [ -2.15929, 47.23715 ], [ -2.13417, 47.27805 ], [ -2.04361, 47.28722 ], [ -1.93833, 47.27416 ], [ -1.8025, 47.21193 ], [ -1.735, 47.20868 ], [ -1.89042, 47.28875 ], [ -2.01278, 47.31985 ], [ -2.12944, 47.30971 ], [ -2.28125, 47.24027 ], [ -2.43361, 47.2625 ], [ -2.53965, 47.29806 ], [ -2.5275, 47.38611 ], [ -2.47319, 47.41528 ], [ -2.40847, 47.41527 ], [ -2.4596, 47.45299 ], [ -2.48267, 47.45044 ], [ -2.48347, 47.49757 ], [ -2.36708, 47.50153 ], [ -2.58083, 47.53777 ], [ -2.79306, 47.48888 ], [ -2.83188, 47.49728 ], [ -2.86176, 47.54646 ], [ -2.73938, 47.54472 ], [ -2.68611, 47.59569 ], [ -2.68083, 47.61514 ], [ -2.70028, 47.63708 ], [ -2.92533, 47.58105 ], [ -3.12507, 47.59541 ], [ -3.12778, 47.52541 ], [ -3.09875, 47.47576 ], [ -3.13264, 47.47666 ], [ -3.14403, 47.53132 ], [ -3.13451, 47.58083 ], [ -3.15375, 47.6118 ], [ -3.21694, 47.65055 ], [ -3.50889, 47.75861 ], [ -3.84097, 47.80319 ], [ -3.98222, 47.88972 ], [ -4.10139, 47.87499 ], [ -4.18278, 47.80416 ], [ -4.26944, 47.795 ], [ -4.36736, 47.80874 ], [ -4.34431, 47.84576 ], [ -4.35, 47.87194 ], [ -4.39222, 47.93444 ], [ -4.44347, 47.97666 ], [ -4.53451, 48.01951 ], [ -4.72224, 48.03918 ], [ -4.7059, 48.06805 ], [ -4.35389, 48.11291 ], [ -4.29813, 48.09923 ], [ -4.28292, 48.11652 ], [ -4.27625, 48.14839 ], [ -4.31326, 48.20277 ], [ -4.44139, 48.23833 ], [ -4.49278, 48.22996 ], [ -4.5466, 48.17444 ], [ -4.62174, 48.27965 ], [ -4.56653, 48.33208 ], [ -4.53736, 48.34055 ], [ -4.54736, 48.30645 ], [ -4.53292, 48.29069 ], [ -4.26334, 48.28472 ], [ -4.19215, 48.29937 ], [ -4.40222, 48.32833 ], [ -4.44046, 48.3462 ], [ -4.76063, 48.33499 ], [ -4.78215, 48.36451 ], [ -4.79028, 48.42375 ], [ -4.77667, 48.5111 ], [ -4.69972, 48.57083 ], [ -4.62875, 48.57986 ], [ -4.58972, 48.56 ], [ -4.56458, 48.62236 ], [ -4.53931, 48.63583 ], [ -4.35417, 48.67416 ], [ -4.17194, 48.68749 ], [ -3.99361, 48.72277 ], [ -3.97153, 48.71194 ], [ -3.94944, 48.6561 ], [ -3.8575, 48.63611 ], [ -3.86069, 48.68208 ], [ -3.81056, 48.7261 ], [ -3.58243, 48.67777 ], [ -3.53194, 48.73917 ], [ -3.57875, 48.78597 ], [ -3.53667, 48.82583 ], [ -3.47472, 48.84083 ], [ -3.37319, 48.8243 ], [ -3.22611, 48.86958 ], [ -3.12444, 48.865 ], [ -3.06083, 48.82638 ], [ -2.68528, 48.50166 ], [ -2.41833, 48.65361 ], [ -2.30722, 48.67611 ], [ -2.12833, 48.63861 ], [ -2.03944, 48.59822 ], [ -1.97611, 48.51305 ], [ -1.94537, 48.52872 ], [ -1.96028, 48.58409 ], [ -1.99111, 48.59708 ], [ -2.01419, 48.64311 ], [ -1.98806, 48.68694 ], [ -1.8475, 48.70916 ], [ -1.84069, 48.68395 ], [ -1.86708, 48.65763 ], [ -1.85042, 48.62472 ], [ -1.81222, 48.61055 ], [ -1.64111, 48.61653 ], [ -1.58863, 48.63968 ], [ -1.36889, 48.64361 ], [ -1.4943, 48.68749 ], [ -1.56257, 48.74895 ], [ -1.57861, 48.83778 ], [ -1.55639, 49.01583 ], [ -1.58299, 49.00972 ], [ -1.5975, 49.04028 ], [ -1.60972, 49.215 ], [ -1.74542, 49.35555 ], [ -1.8091, 49.37632 ], [ -1.84556, 49.49972 ], [ -1.84194, 49.61361 ], [ -1.85653, 49.64861 ], [ -1.94486, 49.67694 ], [ -1.94208, 49.72159 ], [ -1.84472, 49.71388 ], [ -1.62056, 49.65527 ], [ -1.52802, 49.65751 ], [ -1.41083, 49.70499 ], [ -1.26417, 49.68417 ], [ -1.22896, 49.61881 ], [ -1.29854, 49.57743 ], [ -1.29118, 49.52736 ], [ -1.10958, 49.36944 ], [ -1.07924, 49.38979 ], [ -0.92458, 49.3943 ], [ -0.82722, 49.36167 ], [ -0.4175, 49.34138 ], [ -0.22833, 49.28361 ], [ -0.03945, 49.31472 ], [ 0.07069, 49.35541 ], [ 0.16944, 49.41416 ], [ 0.42472, 49.45166 ], [ 0.48819, 49.48625 ], [ 0.37986, 49.45666 ], [ 0.25611, 49.45722 ], [ 0.16083, 49.46889 ], [ 0.07583, 49.52257 ], [ 0.16972, 49.68889 ], [ 0.21111, 49.71888 ], [ 0.64028, 49.86611 ], [ 1.07111, 49.92666 ], [ 1.2325, 49.98167 ], [ 1.46111, 50.12416 ], [ 1.50556, 50.20194 ], [ 1.55437, 50.36006 ], [ 1.60385, 50.36879 ], [ 1.55979, 50.40187 ], [ 1.57722, 50.52806 ], [ 1.56444, 50.70583 ], [ 1.625, 50.87778 ], [ 1.79278, 50.96278 ], [ 2.41514, 51.05652 ], [ 2.54167, 51.09111 ] ] ] ] } },
{ "type": "Feature", "properties": { "geo_point_2d": { "lon": -7.962187190752776, "lat": 39.69190982231605 }, "iso3": "PRT", "status": "Member State", "color_code": "PRT", "name": "Portugal", "continent": "Europe", "region": "Southern Europe", "iso_3166_1_alpha_2_codes": "PT", "french_short": "Portugal", "iso2": "PT" }, "geometry": { "type": "Polygon", "coordinates": [ [ [ -7.44722, 37.41861 ], [ -7.41903, 37.18055 ], [ -7.58042, 37.14444 ], [ -7.75833, 37.035 ], [ -7.89778, 37.00889 ], [ -7.97306, 37.00833 ], [ -8.17528, 37.09222 ], [ -8.37375, 37.10208 ], [ -8.43958, 37.08611 ], [ -8.65889, 37.10889 ], [ -8.81472, 37.06694 ], [ -8.92667, 37.01611 ], [ -8.98924, 37.02631 ], [ -8.90653, 37.16062 ], [ -8.79586, 37.44251 ], [ -8.7875, 37.72222 ], [ -8.80583, 37.76639 ], [ -8.79097, 37.82916 ], [ -8.79931, 37.91402 ], [ -8.83945, 38.01472 ], [ -8.77582, 38.21176 ], [ -8.77972, 38.30111 ], [ -8.8025, 38.37444 ], [ -8.72333, 38.41666 ], [ -8.67333, 38.41389 ], [ -8.76889, 38.51722 ], [ -8.89861, 38.51777 ], [ -9.06278, 38.43722 ], [ -9.18389, 38.41972 ], [ -9.20028, 38.45166 ], [ -9.18375, 38.47805 ], [ -9.18389, 38.53694 ], [ -9.22014, 38.61944 ], [ -9.27424, 38.66874 ], [ -9.15972, 38.67791 ], [ -9.07445, 38.6311 ], [ -9.01556, 38.72944 ], [ -8.91975, 38.76589 ], [ -8.95585, 38.84086 ], [ -8.97955, 38.85013 ], [ -8.99431, 38.94062 ], [ -9.07903, 38.83055 ], [ -9.09528, 38.74736 ], [ -9.11847, 38.71722 ], [ -9.32222, 38.67667 ], [ -9.42972, 38.69194 ], [ -9.47604, 38.70527 ], [ -9.49083, 38.79388 ], [ -9.44451, 38.86305 ], [ -9.41264, 38.94944 ], [ -9.42625, 39.01152 ], [ -9.41917, 39.0786 ], [ -9.33972, 39.22486 ], [ -9.33834, 39.29298 ], [ -9.35958, 39.35666 ], [ -9.22722, 39.43527 ], [ -9.08556, 39.615 ], [ -9.0475, 39.73221 ], [ -8.87472, 40.09611 ], [ -8.86236, 40.13944 ], [ -8.88139, 40.24278 ], [ -8.7775, 40.56014 ], [ -8.72968, 40.63572 ], [ -8.66014, 40.69111 ], [ -8.67834, 40.77583 ], [ -8.73099, 40.68619 ], [ -8.64554, 41.01858 ], [ -8.78972, 41.42139 ], [ -8.78111, 41.48445 ], [ -8.81509, 41.61724 ], [ -8.88083, 41.75166 ], [ -8.87972, 41.84138 ], [ -8.81361, 41.9025 ], [ -8.75242, 41.93173 ], [ -8.74118, 41.96784 ], [ -8.64, 42.04527 ], [ -8.51806, 42.08305 ], [ -8.31056, 42.10361 ], [ -8.19783, 42.15067 ], [ -8.08375, 42.06048 ], [ -8.08465, 42.02299 ], [ -8.16528, 41.97444 ], [ -8.21833, 41.90749 ], [ -8.16549, 41.85861 ], [ -8.16381, 41.81718 ], [ -8.13611, 41.80917 ], [ -8.0675, 41.81528 ], [ -7.92667, 41.87777 ], [ -7.87667, 41.85263 ], [ -7.75945, 41.8975 ], [ -7.69278, 41.90388 ], [ -7.59806, 41.86527 ], [ -7.60917, 41.83569 ], [ -7.41861, 41.82277 ], [ -7.20056, 41.88361 ], [ -7.17861, 41.9316 ], [ -7.185, 41.97736 ], [ -7.13118, 41.99381 ], [ -7.05611, 41.95111 ], [ -7.00875, 41.95458 ], [ -6.98285, 41.97386 ], [ -6.90611, 41.94472 ], [ -6.69722, 41.93666 ], [ -6.60229, 41.94916 ], [ -6.54861, 41.92194 ], [ -6.52806, 41.83944 ], [ -6.5475, 41.765 ], [ -6.54563, 41.68701 ], [ -6.50181, 41.65944 ], [ -6.42944, 41.68 ], [ -6.30361, 41.66333 ], [ -6.19045, 41.57963 ], [ -6.29583, 41.4361 ], [ -6.43806, 41.31889 ], [ -6.55833, 41.24222 ], [ -6.64389, 41.24472 ], [ -6.75333, 41.13666 ], [ -6.77445, 41.07069 ], [ -6.80556, 41.04555 ], [ -6.84167, 41.03013 ], [ -6.92441, 41.03096 ], [ -6.93056, 41.01555 ], [ -6.86292, 40.95263 ], [ -6.80174, 40.85701 ], [ -6.81944, 40.73333 ], [ -6.79611, 40.52444 ], [ -6.83111, 40.31722 ], [ -6.8623, 40.27152 ], [ -6.94652, 40.25898 ], [ -7.00833, 40.2268 ], [ -7.02722, 40.18777 ], [ -7.00889, 40.13278 ], [ -6.92889, 40.10166 ], [ -6.87069, 40.01597 ], [ -7.01722, 39.675 ], [ -7.15771, 39.66034 ], [ -7.26361, 39.67208 ], [ -7.33285, 39.64527 ], [ -7.53251, 39.66942 ], [ -7.50278, 39.60277 ], [ -7.37569, 39.49375 ], [ -7.24278, 39.21305 ], [ -7.14583, 39.11388 ], [ -7.01319, 39.1118 ], [ -6.98278, 39.09138 ], [ -6.95587, 39.02319 ], [ -7.08417, 38.83555 ], [ -7.25715, 38.7234 ], [ -7.31708, 38.44472 ], [ -7.19222, 38.32027 ], [ -7.08778, 38.17701 ], [ -6.94757, 38.21743 ], [ -6.93375, 38.20907 ], [ -6.94153, 38.17041 ], [ -7.00403, 38.03111 ], [ -7.25354, 37.98368 ], [ -7.25278, 37.93097 ], [ -7.28167, 37.86555 ], [ -7.32, 37.81528 ], [ -7.42306, 37.74389 ], [ -7.44694, 37.69944 ], [ -7.52444, 37.5525 ], [ -7.47139, 37.48138 ], [ -7.44722, 37.41861 ] ] ] } },
{ "type": "Feature", "properties": { "geo_point_2d": { "lon": -27.303296240532973, "lat": 38.33239830464354 }, "iso3": "PRT", "status": "PT Territory", "color_code": "PRT", "name": "Portugal", "continent": "Europe", "region": "Southern Europe", "iso_3166_1_alpha_2_codes": "PT", "french_short": "Portugal", "iso2": "PT" }, "geometry": { "type": "MultiPolygon", "coordinates": [ [ [ [ -25.01764, 36.97208 ], [ -25.01889, 36.92916 ], [ -25.16778, 36.94319 ], [ -25.20056, 36.98305 ], [ -25.18153, 37.0093 ], [ -25.08264, 37.02319 ], [ -25.05479, 37.01576 ], [ -25.01764, 36.97208 ] ] ], [ [ [ -25.585, 37.82666 ], [ -25.43556, 37.83055 ], [ -25.32709, 37.86361 ], [ -25.19361, 37.86444 ], [ -25.14056, 37.84069 ], [ -25.13097, 37.80847 ], [ -25.14083, 37.76527 ], [ -25.16667, 37.74444 ], [ -25.45611, 37.70555 ], [ -25.71139, 37.74472 ], [ -25.8575, 37.83583 ], [ -25.86431, 37.85361 ], [ -25.8425, 37.90222 ], [ -25.77708, 37.9093 ], [ -25.72889, 37.89527 ], [ -25.6775, 37.84097 ], [ -25.585, 37.82666 ] ] ], [ [ [ -28.18945, 38.46013 ], [ -28.07014, 38.44416 ], [ -28.03688, 38.41417 ], [ -28.05611, 38.39417 ], [ -28.1925, 38.405 ], [ -28.24667, 38.37194 ], [ -28.28333, 38.40472 ], [ -28.45972, 38.40527 ], [ -28.52118, 38.44104 ], [ -28.54945, 38.52722 ], [ -28.49792, 38.55402 ], [ -28.42167, 38.55722 ], [ -28.33028, 38.53278 ], [ -28.18945, 38.46013 ] ] ], [ [ [ -28.595, 38.55493 ], [ -28.63611, 38.51028 ], [ -28.75889, 38.51778 ], [ -28.84584, 38.59514 ], [ -28.72, 38.64042 ], [ -28.63153, 38.60833 ], [ -28.60833, 38.59236 ], [ -28.595, 38.55493 ] ] ], [ [ [ -27.76146, 38.54798 ], [ -27.84861, 38.54055 ], [ -28.15667, 38.63486 ], [ -28.30139, 38.72138 ], [ -28.31555, 38.7486 ], [ -27.76146, 38.54798 ] ] ], [ [ [ -27.08333, 38.63194 ], [ -27.30695, 38.65805 ], [ -27.38, 38.71055 ], [ -27.385, 38.76333 ], [ -27.36389, 38.78777 ], [ -27.28167, 38.80305 ], [ -27.14292, 38.78861 ], [ -27.06583, 38.76416 ], [ -27.02014, 38.69319 ], [ -27.05431, 38.64333 ], [ -27.08333, 38.63194 ] ] ], [ [ [ -31.15417, 39.36527 ], [ -31.25882, 39.35562 ], [ -31.28903, 39.41097 ], [ -31.25847, 39.49937 ], [ -31.21389, 39.52194 ], [ -31.15333, 39.49472 ], [ -31.12604, 39.4552 ], [ -31.15417, 39.36527 ] ] ] ] } },
{ "type": "Feature", "properties": { "geo_point_2d": { "lon": -3.649564960428935, "lat": 40.22682992875567 }, "iso3": "ESP", "status": "Member State", "color_code": "ESP", "name": "Spain", "continent": "Europe", "region": "Southern Europe", "iso_3166_1_alpha_2_codes": "ES", "french_short": "Espagne", "iso2": "ES" }, "geometry": { "type": "MultiPolygon", "coordinates": [ [ [ [ -17.91125, 27.77375 ], [ -17.98278, 27.6375 ], [ -18.15611, 27.70528 ], [ -18.16986, 27.73576 ], [ -18.16111, 27.76194 ], [ -18.13223, 27.77264 ], [ -18.04, 27.76222 ], [ -18.00104, 27.81611 ], [ -17.93111, 27.84861 ], [ -17.9075, 27.84861 ], [ -17.88368, 27.81687 ], [ -17.88348, 27.79722 ], [ -17.91125, 27.77375 ] ] ], [ [ [ -15.7025, 28.15611 ], [ -15.40941, 28.1559 ], [ -15.36528, 28.00722 ], [ -15.39417, 27.845 ], [ -15.42834, 27.79916 ], [ -15.55417, 27.75583 ], [ -15.57917, 27.73111 ], [ -15.67083, 27.75146 ], [ -15.7832, 27.83569 ], [ -15.82264, 27.91569 ], [ -15.81583, 28.00194 ], [ -15.71222, 28.06819 ], [ -15.7025, 28.15611 ] ] ], [ [ [ -17.175, 28.01694 ], [ -17.24528, 28.01083 ], [ -17.29861, 28.04666 ], [ -17.33056, 28.09111 ], [ -17.31722, 28.17069 ], [ -17.255, 28.20611 ], [ -17.10042, 28.13264 ], [ -17.09368, 28.08285 ], [ -17.175, 28.01694 ] ] ], [ [ [ -16.34111, 28.37028 ], [ -16.41806, 28.14527 ], [ -16.52945, 28.02208 ], [ -16.67139, 27.98417 ], [ -16.83306, 28.1975 ], [ -16.90938, 28.34604 ], [ -16.84389, 28.37305 ], [ -16.75056, 28.36333 ], [ -16.56361, 28.39167 ], [ -16.4932, 28.41583 ], [ -16.37834, 28.53555 ], [ -16.27389, 28.57 ], [ -16.15695, 28.57222 ], [ -16.15639, 28.50194 ], [ -16.22722, 28.46833 ], [ -16.34111, 28.37028 ] ] ], [ [ [ -14.32722, 28.04639 ], [ -14.44417, 28.06916 ], [ -14.31125, 28.14153 ], [ -14.21111, 28.22611 ], [ -14.19333, 28.32194 ], [ -14.13945, 28.43416 ], [ -14.05083, 28.56472 ], [ -14.00917, 28.66305 ], [ -14.00569, 28.70972 ], [ -13.91917, 28.75111 ], [ -13.86778, 28.74958 ], [ -13.83292, 28.70611 ], [ -13.82028, 28.57722 ], [ -13.86084, 28.38222 ], [ -13.92306, 28.24916 ], [ -13.95153, 28.22431 ], [ -14.20056, 28.16917 ], [ -14.32722, 28.04639 ] ] ], [ [ [ -17.73917, 28.60778 ], [ -17.83361, 28.45319 ], [ -17.85445, 28.46972 ], [ -17.87639, 28.55472 ], [ -17.96167, 28.71028 ], [ -18.00292, 28.74972 ], [ -17.97278, 28.80917 ], [ -17.90681, 28.84819 ], [ -17.78139, 28.83889 ], [ -17.71653, 28.74333 ], [ -17.73917, 28.60778 ] ] ], [ [ [ -13.60973, 28.92639 ], [ -13.72236, 28.90819 ], [ -13.77306, 28.83778 ], [ -13.81944, 28.85611 ], [ -13.85222, 28.90639 ], [ -13.82583, 29.00944 ], [ -13.79167, 29.0525 ], [ -13.59069, 29.13861 ], [ -13.47278, 29.2425 ], [ -13.4425, 29.23167 ], [ -13.42139, 29.20555 ], [ -13.46889, 29.01361 ], [ -13.60973, 28.92639 ] ] ], [ [ [ -2.91472, 35.27361 ], [ -2.93924, 35.26444 ], [ -2.96507, 35.28131 ], [ -2.96618, 35.31663 ], [ -2.94694, 35.32916 ], [ -2.91472, 35.27361 ] ] ], [ [ [ -5.34583, 35.84166 ], [ -5.37722, 35.87152 ], [ -5.39556, 35.91633 ], [ -5.36028, 35.91625 ], [ -5.30765, 35.88579 ], [ -5.34583, 35.84166 ] ] ], [ [ [ 1.57542, 38.68958 ], [ 1.58736, 38.66986 ], [ 1.57278, 38.65485 ], [ 1.52271, 38.65569 ], [ 1.45986, 38.68625 ], [ 1.39028, 38.64333 ], [ 1.38306, 38.71805 ], [ 1.39917, 38.73778 ], [ 1.44528, 38.7411 ], [ 1.57542, 38.68958 ] ] ], [ [ [ 1.615, 39.02833 ], [ 1.37194, 38.83082 ], [ 1.34958, 38.86972 ], [ 1.27389, 38.87888 ], [ 1.25056, 38.86083 ], [ 1.21194, 38.89833 ], [ 1.22778, 38.94805 ], [ 1.30361, 39.03861 ], [ 1.3625, 39.07278 ], [ 1.51972, 39.11833 ], [ 1.60292, 39.09388 ], [ 1.615, 39.02833 ] ] ], [ [ [ 3.13993, 39.78694 ], [ 3.26792, 39.73569 ], [ 3.38278, 39.77333 ], [ 3.48, 39.71638 ], [ 3.4475, 39.64027 ], [ 3.37458, 39.55097 ], [ 3.30556, 39.50222 ], [ 3.24194, 39.36444 ], [ 3.06028, 39.26333 ], [ 2.98556, 39.3186 ], [ 2.79167, 39.36374 ], [ 2.74979, 39.40075 ], [ 2.72778, 39.47305 ], [ 2.74778, 39.4992 ], [ 2.69444, 39.55194 ], [ 2.66729, 39.56173 ], [ 2.54444, 39.52249 ], [ 2.43694, 39.52166 ], [ 2.38917, 39.52499 ], [ 2.36417, 39.55583 ], [ 2.38611, 39.61278 ], [ 2.68389, 39.79388 ], [ 2.77778, 39.84472 ], [ 2.98778, 39.91111 ], [ 3.07139, 39.92195 ], [ 3.13993, 39.78694 ] ] ], [ [ [ 4.27333, 39.96139 ], [ 4.31555, 39.87888 ], [ 4.31694, 39.84611 ], [ 4.27639, 39.80639 ], [ 4.11639, 39.86833 ], [ 4.02861, 39.92 ], [ 3.96556, 39.93361 ], [ 3.82667, 39.92249 ], [ 3.79694, 40.01722 ], [ 3.83375, 40.05458 ], [ 3.86833, 40.05805 ], [ 4.17444, 40.05028 ], [ 4.27333, 39.96139 ] ] ], [ [ [ -1.78088, 43.35992 ], [ -1.73038, 43.29898 ], [ -1.65556, 43.30944 ], [ -1.40889, 43.27305 ], [ -1.38514, 43.25256 ], [ -1.38389, 43.20972 ], [ -1.42313, 43.12326 ], [ -1.46674, 43.09205 ], [ -1.43951, 43.04937 ], [ -1.34826, 43.03618 ], [ -1.30028, 43.07166 ], [ -0.94028, 42.95416 ], [ -0.81861, 42.94611 ], [ -0.7541, 42.96437 ], [ -0.72347, 42.92985 ], [ -0.73063, 42.90104 ], [ -0.71583, 42.88458 ], [ -0.55583, 42.78 ], [ -0.39194, 42.79639 ], [ -0.30874, 42.84838 ], [ -0.15194, 42.77666 ], [ -0.05792, 42.69979 ], [ 0.00278, 42.68608 ], [ 0.1809, 42.73451 ], [ 0.26917, 42.70756 ], [ 0.43278, 42.68666 ], [ 0.67551, 42.68849 ], [ 0.68264, 42.72124 ], [ 0.65194, 42.785 ], [ 0.66778, 42.83916 ], [ 0.71611, 42.85888 ], [ 1.08833, 42.78486 ], [ 1.12667, 42.76471 ], [ 1.17389, 42.70972 ], [ 1.35917, 42.71527 ], [ 1.44583, 42.60194 ], [ 1.42139, 42.54583 ], [ 1.42417, 42.49333 ], [ 1.45153, 42.44625 ], [ 1.5375, 42.43666 ], [ 1.65778, 42.46958 ], [ 1.72361, 42.50944 ], [ 1.90639, 42.44694 ], [ 2.02056, 42.35263 ], [ 2.09361, 42.36417 ], [ 2.14458, 42.4193 ], [ 2.27318, 42.43561 ], [ 2.53389, 42.33291 ], [ 2.67042, 42.34958 ], [ 2.65708, 42.38194 ], [ 2.67833, 42.40166 ], [ 2.95, 42.48055 ], [ 3.04799, 42.46597 ], [ 3.10611, 42.42916 ], [ 3.17765, 42.4368 ], [ 3.15917, 42.38069 ], [ 3.16847, 42.35972 ], [ 3.31799, 42.32048 ], [ 3.26458, 42.24208 ], [ 3.21375, 42.23375 ], [ 3.15472, 42.26014 ], [ 3.11806, 42.22513 ], [ 3.11708, 42.14444 ], [ 3.21111, 42.06652 ], [ 3.22056, 41.94694 ], [ 3.20167, 41.89278 ], [ 2.93743, 41.71909 ], [ 2.26708, 41.45986 ], [ 2.15125, 41.31194 ], [ 2.07833, 41.27528 ], [ 1.49833, 41.17861 ], [ 0.99306, 41.04805 ], [ 0.89944, 40.98027 ], [ 0.70361, 40.79687 ], [ 0.73056, 40.77111 ], [ 0.8966, 40.72576 ], [ 0.85792, 40.68027 ], [ 0.68972, 40.57166 ], [ 0.63639, 40.5618 ], [ 0.62142, 40.58437 ], [ 0.70917, 40.59583 ], [ 0.73472, 40.63999 ], [ 0.61014, 40.625 ], [ 0.54194, 40.56916 ], [ 0.35639, 40.30083 ], [ 0.0475, 40.03374 ], [ -0.03722, 39.89332 ], [ -0.17917, 39.73611 ], [ -0.32611, 39.49472 ], [ -0.33764, 39.43805 ], [ -0.24111, 39.14388 ], [ -0.1825, 39.02916 ], [ -0.04111, 38.88921 ], [ 0.19847, 38.80374 ], [ 0.21528, 38.75804 ], [ 0.20722, 38.73221 ], [ 0.14417, 38.68471 ], [ -0.01208, 38.62555 ], [ -0.14514, 38.53694 ], [ -0.32, 38.47152 ], [ -0.51167, 38.325 ], [ -0.60028, 38.18527 ], [ -0.76102, 37.84595 ], [ -0.85833, 37.71555 ], [ -0.78694, 37.64777 ], [ -0.7025, 37.62444 ], [ -0.72347, 37.60222 ], [ -0.91833, 37.5518 ], [ -0.97792, 37.57486 ], [ -1.04833, 37.57916 ], [ -1.23861, 37.57527 ], [ -1.3275, 37.55805 ], [ -1.44833, 37.49097 ], [ -1.50944, 37.42194 ], [ -1.64361, 37.37277 ], [ -1.79458, 37.22749 ], [ -1.82667, 37.125 ], [ -1.90222, 36.97222 ], [ -1.99264, 36.88999 ], [ -2.05875, 36.80805 ], [ -2.06153, 36.77979 ], [ -2.12292, 36.73347 ], [ -2.19208, 36.72041 ], [ -2.29132, 36.82562 ], [ -2.34708, 36.84055 ], [ -2.55792, 36.81305 ], [ -2.64486, 36.69778 ], [ -2.76889, 36.67833 ], [ -2.87347, 36.70659 ], [ -2.92347, 36.74736 ], [ -3.25917, 36.74694 ], [ -3.33694, 36.73722 ], [ -3.42556, 36.69361 ], [ -3.46, 36.69194 ], [ -3.60153, 36.74638 ], [ -3.69444, 36.72833 ], [ -3.84889, 36.75249 ], [ -4.23972, 36.71333 ], [ -4.39986, 36.72145 ], [ -4.43556, 36.69708 ], [ -4.49014, 36.61527 ], [ -4.63972, 36.50833 ], [ -4.75778, 36.48569 ], [ -4.91389, 36.49889 ], [ -5.17264, 36.41187 ], [ -5.21917, 36.37055 ], [ -5.3125, 36.23111 ], [ -5.33451, 36.16256 ], [ -5.42549, 36.17375 ], [ -5.44458, 36.13874 ], [ -5.42604, 36.07534 ], [ -5.44889, 36.05222 ], [ -5.61361, 36.0061 ], [ -5.80222, 36.07722 ], [ -5.91486, 36.18013 ], [ -6.04417, 36.18611 ], [ -6.15833, 36.30527 ], [ -6.26222, 36.47583 ], [ -6.21764, 36.46889 ], [ -6.17472, 36.51444 ], [ -6.23445, 36.57819 ], [ -6.2975, 36.61388 ], [ -6.39521, 36.62965 ], [ -6.44361, 36.71889 ], [ -6.35556, 36.86083 ], [ -6.57889, 37.01944 ], [ -6.90472, 37.16555 ], [ -6.95992, 37.22184 ], [ -6.97872, 37.21261 ], [ -6.97223, 37.17774 ], [ -7.05333, 37.21305 ], [ -7.12722, 37.22055 ], [ -7.28472, 37.205 ], [ -7.39139, 37.17527 ], [ -7.43185, 37.25319 ], [ -7.44722, 37.41861 ], [ -7.47139, 37.48138 ], [ -7.52444, 37.5525 ], [ -7.42306, 37.74389 ], [ -7.32, 37.81528 ], [ -7.28167, 37.86555 ], [ -7.25278, 37.93097 ], [ -7.25354, 37.98368 ], [ -7.00403, 38.03111 ], [ -6.93375, 38.20907 ], [ -6.99333, 38.20944 ], [ -7.08778, 38.17701 ], [ -7.19222, 38.32027 ], [ -7.31708, 38.44472 ], [ -7.26722, 38.70333 ], [ -7.25715, 38.7234 ], [ -7.08417, 38.83555 ], [ -6.95587, 39.02319 ], [ -6.98278, 39.09138 ], [ -7.01319, 39.1118 ], [ -7.14583, 39.11388 ], [ -7.24278, 39.21305 ], [ -7.37569, 39.49375 ], [ -7.50278, 39.60277 ], [ -7.53251, 39.66942 ], [ -7.33285, 39.64527 ], [ -7.26361, 39.67208 ], [ -7.15771, 39.66034 ], [ -7.01722, 39.675 ], [ -6.87069, 40.01597 ], [ -6.92889, 40.10166 ], [ -7.00889, 40.13278 ], [ -7.02722, 40.18777 ], [ -7.00833, 40.2268 ], [ -6.94652, 40.25898 ], [ -6.8623, 40.27152 ], [ -6.83111, 40.31722 ], [ -6.79611, 40.52444 ], [ -6.81944, 40.73333 ], [ -6.80174, 40.85701 ], [ -6.86292, 40.95263 ], [ -6.93056, 41.01555 ], [ -6.92441, 41.03096 ], [ -6.84167, 41.03013 ], [ -6.80556, 41.04555 ], [ -6.77445, 41.07069 ], [ -6.75333, 41.13666 ], [ -6.64389, 41.24472 ], [ -6.55833, 41.24222 ], [ -6.43806, 41.31889 ], [ -6.29583, 41.4361 ], [ -6.19045, 41.57963 ], [ -6.30361, 41.66333 ], [ -6.42944, 41.68 ], [ -6.50181, 41.65944 ], [ -6.54563, 41.68701 ], [ -6.5475, 41.765 ], [ -6.52806, 41.83944 ], [ -6.54861, 41.92194 ], [ -6.60229, 41.94916 ], [ -6.69722, 41.93666 ], [ -6.90611, 41.94472 ], [ -6.98285, 41.97386 ], [ -7.00875, 41.95458 ], [ -7.05611, 41.95111 ], [ -7.13118, 41.99381 ], [ -7.185, 41.97736 ], [ -7.17861, 41.9316 ], [ -7.20056, 41.88361 ], [ -7.41861, 41.82277 ], [ -7.60917, 41.83569 ], [ -7.59806, 41.86527 ], [ -7.69278, 41.90388 ], [ -7.75945, 41.8975 ], [ -7.87667, 41.85263 ], [ -7.92667, 41.87777 ], [ -8.0675, 41.81528 ], [ -8.13611, 41.80917 ], [ -8.16381, 41.81718 ], [ -8.16549, 41.85861 ], [ -8.21833, 41.90749 ], [ -8.16528, 41.97444 ], [ -8.08465, 42.02299 ], [ -8.08375, 42.06048 ], [ -8.19783, 42.15067 ], [ -8.31056, 42.10361 ], [ -8.51806, 42.08305 ], [ -8.61389, 42.05638 ], [ -8.74118, 41.96784 ], [ -8.765, 41.935 ], [ -8.87514, 41.87951 ], [ -8.8975, 42.11056 ], [ -8.57986, 42.34902 ], [ -8.62597, 42.34527 ], [ -8.68361, 42.27972 ], [ -8.86486, 42.24965 ], [ -8.85278, 42.29611 ], [ -8.82195, 42.32833 ], [ -8.65611, 42.42777 ], [ -8.69611, 42.43763 ], [ -8.78042, 42.39695 ], [ -8.84083, 42.39139 ], [ -8.88056, 42.42166 ], [ -8.90611, 42.47513 ], [ -8.88875, 42.49847 ], [ -8.86073, 42.48742 ], [ -8.86861, 42.45979 ], [ -8.83611, 42.46194 ], [ -8.80972, 42.51944 ], [ -8.83188, 42.54916 ], [ -8.74695, 42.63806 ], [ -8.71972, 42.67528 ], [ -8.7205, 42.69849 ], [ -8.92083, 42.6268 ], [ -8.99556, 42.53249 ], [ -9.02938, 42.52416 ], [ -9.06139, 42.57944 ], [ -9.0225, 42.69958 ], [ -8.91583, 42.78902 ], [ -9.00861, 42.77638 ], [ -9.08667, 42.74027 ], [ -9.12333, 42.76888 ], [ -9.12444, 42.84 ], [ -9.1882, 42.95125 ], [ -9.26389, 42.91375 ], [ -9.29333, 42.92249 ], [ -9.25917, 43.04722 ], [ -9.2082, 43.15513 ], [ -9.16972, 43.18583 ], [ -9.08945, 43.19055 ], [ -8.94403, 43.235 ], [ -8.9775, 43.27861 ], [ -8.87639, 43.31972 ], [ -8.82445, 43.32722 ], [ -8.78278, 43.30305 ], [ -8.70139, 43.28722 ], [ -8.32972, 43.40389 ], [ -8.26556, 43.55277 ], [ -7.89806, 43.76416 ], [ -7.85826, 43.7643 ], [ -7.85056, 43.71472 ], [ -7.72445, 43.7475 ], [ -7.46361, 43.72639 ], [ -7.36361, 43.67416 ], [ -7.24736, 43.56222 ], [ -7.03847, 43.55027 ], [ -7.04482, 43.4904 ], [ -6.99944, 43.56083 ], [ -6.94333, 43.57778 ], [ -6.48139, 43.55499 ], [ -6.29583, 43.56944 ], [ -6.10181, 43.5618 ], [ -5.94472, 43.59389 ], [ -5.85417, 43.64805 ], [ -5.77861, 43.61722 ], [ -5.6775, 43.54486 ], [ -5.39806, 43.5525 ], [ -5.27986, 43.52944 ], [ -5.20257, 43.4784 ], [ -4.51455, 43.39635 ], [ -4.21833, 43.39694 ], [ -3.81028, 43.49249 ], [ -3.76639, 43.46999 ], [ -3.58556, 43.51028 ], [ -3.22472, 43.39694 ], [ -3.15059, 43.35356 ], [ -3.02222, 43.3575 ], [ -2.93458, 43.43569 ], [ -2.73556, 43.42639 ], [ -2.56528, 43.39027 ], [ -2.51056, 43.37763 ], [ -2.45847, 43.33792 ], [ -2.29556, 43.2961 ], [ -2.12194, 43.29666 ], [ -1.78604, 43.39041 ], [ -1.78088, 43.35992 ] ] ] ] } },
{ "type": "Feature", "properties": { "geo_point_2d": { "lon": 12.071742970356828, "lat": 42.79578239851082 }, "iso3": "ITA", "status": "Member State", "color_code": "ITA", "name": "Italy", "continent": "Europe", "region": "Southern Europe", "iso_3166_1_alpha_2_codes": "IT", "french_short": "Italie", "iso2": "IT" }, "geometry": { "type": "MultiPolygon", "coordinates": [ [ [ [ 15.57625, 38.23673 ], [ 15.50361, 38.07861 ], [ 15.21972, 37.76444 ], [ 15.21778, 37.70916 ], [ 15.16805, 37.56194 ], [ 15.0925, 37.49027 ], [ 15.09271, 37.34832 ], [ 15.23069, 37.12485 ], [ 15.29993, 37.10312 ], [ 15.31667, 37.00889 ], [ 15.15069, 36.91333 ], [ 15.09576, 36.78569 ], [ 15.13396, 36.67409 ], [ 15.08139, 36.64916 ], [ 15.02361, 36.69861 ], [ 14.86319, 36.72805 ], [ 14.77917, 36.70444 ], [ 14.55361, 36.78027 ], [ 14.45917, 36.83416 ], [ 14.37361, 36.96638 ], [ 14.24583, 37.06222 ], [ 14.10181, 37.10986 ], [ 13.88764, 37.09944 ], [ 13.73833, 37.15778 ], [ 13.5668, 37.27583 ], [ 13.50528, 37.28722 ], [ 13.33, 37.36111 ], [ 13.15597, 37.49125 ], [ 13.08583, 37.49305 ], [ 12.92292, 37.57305 ], [ 12.79278, 37.57902 ], [ 12.65611, 37.55978 ], [ 12.46833, 37.69917 ], [ 12.4308, 37.80326 ], [ 12.45847, 37.81798 ], [ 12.47785, 37.87277 ], [ 12.46639, 37.91611 ], [ 12.51014, 38.01514 ], [ 12.55819, 38.06055 ], [ 12.73361, 38.13972 ], [ 12.89285, 38.02527 ], [ 12.92361, 38.02486 ], [ 13.06948, 38.09017 ], [ 13.05611, 38.13378 ], [ 13.10035, 38.18451 ], [ 13.31861, 38.21749 ], [ 13.35792, 38.18694 ], [ 13.36715, 38.12076 ], [ 13.3825, 38.1075 ], [ 13.71139, 37.97666 ], [ 13.76069, 37.97097 ], [ 13.88667, 37.99805 ], [ 13.9443, 38.02958 ], [ 14.31194, 38.01222 ], [ 14.51944, 38.04277 ], [ 14.64347, 38.07729 ], [ 14.78472, 38.15444 ], [ 14.87444, 38.17056 ], [ 15.08875, 38.1225 ], [ 15.51542, 38.29291 ], [ 15.54583, 38.29694 ], [ 15.64794, 38.26457 ], [ 15.57625, 38.23673 ] ] ], [ [ [ 9.51045, 40.92038 ], [ 9.61278, 40.9211 ], [ 9.75028, 40.66624 ], [ 9.75028, 40.59749 ], [ 9.82417, 40.52722 ], [ 9.80028, 40.4425 ], [ 9.76132, 40.38562 ], [ 9.65722, 40.30833 ], [ 9.62333, 40.25187 ], [ 9.62667, 40.19319 ], [ 9.69833, 40.10222 ], [ 9.71361, 40.04055 ], [ 9.64222, 39.48638 ], [ 9.56764, 39.22847 ], [ 9.56507, 39.14562 ], [ 9.52167, 39.11833 ], [ 9.44264, 39.12442 ], [ 9.29528, 39.21388 ], [ 9.15434, 39.18468 ], [ 9.01354, 39.26319 ], [ 9.01611, 39.10166 ], [ 9.04333, 39.045 ], [ 9.00694, 38.98805 ], [ 8.90208, 38.90263 ], [ 8.85118, 38.87791 ], [ 8.71167, 38.9218 ], [ 8.64639, 38.89027 ], [ 8.61583, 38.91861 ], [ 8.55139, 39.05 ], [ 8.50538, 39.06103 ], [ 8.47448, 39.03655 ], [ 8.43653, 38.96472 ], [ 8.40833, 38.95854 ], [ 8.34583, 39.07374 ], [ 8.3568, 39.10576 ], [ 8.42583, 39.10708 ], [ 8.45383, 39.08971 ], [ 8.45917, 39.1175 ], [ 8.36611, 39.2261 ], [ 8.43236, 39.29062 ], [ 8.41861, 39.33944 ], [ 8.37153, 39.37292 ], [ 8.44819, 39.6327 ], [ 8.45205, 39.75899 ], [ 8.49722, 39.72375 ], [ 8.54194, 39.77944 ], [ 8.55722, 39.84499 ], [ 8.52042, 39.90229 ], [ 8.39597, 39.90131 ], [ 8.40889, 40.0068 ], [ 8.46444, 40.14332 ], [ 8.45722, 40.32139 ], [ 8.36722, 40.49278 ], [ 8.3018, 40.58749 ], [ 8.19597, 40.61597 ], [ 8.16401, 40.5874 ], [ 8.14819, 40.62083 ], [ 8.17833, 40.63638 ], [ 8.14889, 40.74416 ], [ 8.1925, 40.91361 ], [ 8.22805, 40.9384 ], [ 8.23222, 40.90972 ], [ 8.28444, 40.86 ], [ 8.35639, 40.83611 ], [ 8.48, 40.82028 ], [ 8.57972, 40.83999 ], [ 8.63868, 40.89049 ], [ 8.81028, 40.93444 ], [ 9.01264, 41.12194 ], [ 9.16083, 41.19167 ], [ 9.16451, 41.23923 ], [ 9.23306, 41.25471 ], [ 9.5625, 41.11778 ], [ 9.63389, 40.98917 ], [ 9.51045, 40.92038 ] ] ], [ [ [ 10.43917, 42.85187 ], [ 10.41861, 42.70861 ], [ 10.34083, 42.76527 ], [ 10.16028, 42.72944 ], [ 10.12458, 42.73958 ], [ 10.10305, 42.76889 ], [ 10.10097, 42.78486 ], [ 10.12667, 42.80639 ], [ 10.18278, 42.81361 ], [ 10.23347, 42.79277 ], [ 10.35569, 42.80528 ], [ 10.41305, 42.87007 ], [ 10.43917, 42.85187 ] ] ], [ [ [ 12.36916, 45.42582 ], [ 12.4269, 45.41496 ], [ 12.37922, 45.41999 ], [ 12.31433, 45.34133 ], [ 12.36916, 45.42582 ] ] ], [ [ [ 13.71865, 46.52661 ], [ 13.69201, 46.45166 ], [ 13.65777, 46.44972 ], [ 13.51139, 46.38472 ], [ 13.38347, 46.29514 ], [ 13.41889, 46.21305 ], [ 13.48847, 46.23194 ], [ 13.66604, 46.17531 ], [ 13.64819, 46.14555 ], [ 13.53889, 46.07944 ], [ 13.47972, 46.01222 ], [ 13.54028, 45.96833 ], [ 13.59333, 45.99305 ], [ 13.6351, 45.98201 ], [ 13.63472, 45.94791 ], [ 13.57833, 45.85027 ], [ 13.60375, 45.80889 ], [ 13.79153, 45.75278 ], [ 13.83528, 45.71777 ], [ 13.91833, 45.63639 ], [ 13.85722, 45.58722 ], [ 13.71694, 45.59611 ], [ 13.79805, 45.60749 ], [ 13.73569, 45.6943 ], [ 13.63, 45.77 ], [ 13.54264, 45.78333 ], [ 13.52646, 45.73514 ], [ 13.49944, 45.70944 ], [ 13.42889, 45.67722 ], [ 13.38743, 45.67829 ], [ 13.42215, 45.69562 ], [ 13.41507, 45.72055 ], [ 13.36794, 45.73744 ], [ 13.21694, 45.77694 ], [ 13.1209, 45.76784 ], [ 13.07125, 45.70965 ], [ 13.09611, 45.65166 ], [ 13.08778, 45.63652 ], [ 12.9225, 45.61833 ], [ 12.5875, 45.48389 ], [ 12.41826, 45.44117 ], [ 12.44847, 45.48326 ], [ 12.50399, 45.49126 ], [ 12.58069, 45.54382 ], [ 12.48965, 45.56749 ], [ 12.28708, 45.47333 ], [ 12.15422, 45.30196 ], [ 12.16111, 45.26388 ], [ 12.36194, 45.0561 ], [ 12.52014, 44.98263 ], [ 12.53805, 44.96062 ], [ 12.44878, 44.81775 ], [ 12.42681, 44.85361 ], [ 12.43937, 44.88173 ], [ 12.42264, 44.90013 ], [ 12.38986, 44.8684 ], [ 12.39694, 44.79138 ], [ 12.29014, 44.83826 ], [ 12.24764, 44.72388 ], [ 12.28, 44.4761 ], [ 12.36833, 44.24666 ], [ 12.44639, 44.16777 ], [ 12.68972, 43.98749 ], [ 12.81861, 43.96319 ], [ 12.90306, 43.92472 ], [ 13.29528, 43.67541 ], [ 13.48042, 43.61096 ], [ 13.5064, 43.63066 ], [ 13.59944, 43.57 ], [ 13.84806, 43.07833 ], [ 13.87361, 42.96444 ], [ 13.93972, 42.8036 ], [ 14.01667, 42.67 ], [ 14.2, 42.4825 ], [ 14.50416, 42.26138 ], [ 14.56583, 42.21889 ], [ 14.71625, 42.16805 ], [ 14.72167, 42.10403 ], [ 14.73653, 42.08791 ], [ 14.89403, 42.02055 ], [ 14.99639, 42.00444 ], [ 15.06278, 41.95277 ], [ 15.16236, 41.92444 ], [ 15.40472, 41.90388 ], [ 15.6, 41.92361 ], [ 15.76528, 41.91694 ], [ 16.02292, 41.94666 ], [ 16.14555, 41.91118 ], [ 16.19368, 41.82944 ], [ 16.19277, 41.78999 ], [ 16.13889, 41.74055 ], [ 15.89764, 41.61333 ], [ 15.89833, 41.53027 ], [ 15.92625, 41.48583 ], [ 15.985, 41.43972 ], [ 16.65778, 41.19138 ], [ 17.04972, 41.08194 ], [ 17.18375, 41.02958 ], [ 17.47361, 40.82888 ], [ 18.01264, 40.64305 ], [ 18.03916, 40.55527 ], [ 18.27472, 40.41083 ], [ 18.42486, 40.28847 ], [ 18.5125, 40.13472 ], [ 18.51444, 40.10291 ], [ 18.47243, 40.03923 ], [ 18.41875, 39.99402 ], [ 18.39944, 39.9361 ], [ 18.39111, 39.81625 ], [ 18.34944, 39.79194 ], [ 18.305, 39.81999 ], [ 18.15583, 39.85666 ], [ 18.04076, 39.9377 ], [ 17.99659, 39.99882 ], [ 18.01941, 40.01118 ], [ 18.01222, 40.10132 ], [ 17.90639, 40.255 ], [ 17.85722, 40.28444 ], [ 17.67347, 40.30402 ], [ 17.5068, 40.2975 ], [ 17.20382, 40.41249 ], [ 17.26805, 40.47333 ], [ 17.31701, 40.48829 ], [ 17.0766, 40.52048 ], [ 16.99833, 40.49889 ], [ 16.9193, 40.45055 ], [ 16.79152, 40.31138 ], [ 16.68805, 40.14708 ], [ 16.60861, 40.08618 ], [ 16.60972, 39.99625 ], [ 16.56333, 39.89805 ], [ 16.49916, 39.82236 ], [ 16.49055, 39.74916 ], [ 16.53, 39.66292 ], [ 16.55569, 39.64458 ], [ 16.62639, 39.62277 ], [ 16.74139, 39.61722 ], [ 17.14555, 39.39639 ], [ 17.10889, 39.26305 ], [ 17.11666, 39.09874 ], [ 17.15819, 39.03903 ], [ 17.16917, 38.96333 ], [ 17.09785, 38.90784 ], [ 16.97583, 38.93902 ], [ 16.83488, 38.91708 ], [ 16.595, 38.80083 ], [ 16.53451, 38.70944 ], [ 16.575, 38.52027 ], [ 16.56917, 38.42834 ], [ 16.47056, 38.34638 ], [ 16.33041, 38.29791 ], [ 16.16, 38.12826 ], [ 16.11347, 37.97528 ], [ 16.05729, 37.92423 ], [ 15.77583, 37.91694 ], [ 15.66785, 37.95784 ], [ 15.63514, 38.00458 ], [ 15.64528, 38.06305 ], [ 15.62958, 38.2293 ], [ 15.79472, 38.28152 ], [ 15.90611, 38.47277 ], [ 15.92264, 38.54597 ], [ 15.82903, 38.62798 ], [ 15.84979, 38.65729 ], [ 15.98444, 38.72166 ], [ 16.12917, 38.71555 ], [ 16.17819, 38.7452 ], [ 16.20805, 38.79777 ], [ 16.22111, 38.86861 ], [ 16.21979, 38.92138 ], [ 16.15708, 38.94819 ], [ 16.09972, 39.02277 ], [ 16.06416, 39.12917 ], [ 16.03382, 39.34437 ], [ 15.9809, 39.44965 ], [ 15.90389, 39.53389 ], [ 15.80791, 39.6793 ], [ 15.78187, 39.86284 ], [ 15.72889, 39.95694 ], [ 15.66375, 40.03305 ], [ 15.61875, 40.06458 ], [ 15.56069, 40.0761 ], [ 15.50979, 40.07007 ], [ 15.41639, 39.99145 ], [ 15.35486, 40.0009 ], [ 15.13736, 40.16069 ], [ 15.0125, 40.19555 ], [ 14.94194, 40.23416 ], [ 14.92722, 40.27111 ], [ 14.99062, 40.36395 ], [ 14.99167, 40.39569 ], [ 14.89833, 40.55875 ], [ 14.83076, 40.63152 ], [ 14.75347, 40.67597 ], [ 14.40194, 40.6 ], [ 14.36298, 40.62736 ], [ 14.47455, 40.7102 ], [ 14.45277, 40.74791 ], [ 14.26889, 40.8402 ], [ 14.16694, 40.80694 ], [ 14.07389, 40.82194 ], [ 13.9, 41.07805 ], [ 13.79805, 41.19333 ], [ 13.71222, 41.25111 ], [ 13.64417, 41.25972 ], [ 13.5668, 41.23805 ], [ 13.27611, 41.29514 ], [ 13.11681, 41.24333 ], [ 13.02958, 41.26014 ], [ 12.98, 41.32638 ], [ 12.89222, 41.39556 ], [ 12.65611, 41.45784 ], [ 12.57611, 41.50722 ], [ 12.44708, 41.62763 ], [ 12.21583, 41.78805 ], [ 12.17778, 41.86805 ], [ 12.12333, 41.92305 ], [ 11.9125, 42.03597 ], [ 11.83076, 42.03027 ], [ 11.73936, 42.14955 ], [ 11.70389, 42.22444 ], [ 11.62771, 42.29826 ], [ 11.37278, 42.40465 ], [ 11.23167, 42.41749 ], [ 11.20597, 42.4118 ], [ 11.17972, 42.36513 ], [ 11.09743, 42.39652 ], [ 11.08458, 42.43027 ], [ 11.16465, 42.44562 ], [ 11.18715, 42.5125 ], [ 11.08028, 42.63222 ], [ 10.96569, 42.72444 ], [ 10.8625, 42.76694 ], [ 10.76896, 42.83916 ], [ 10.77514, 42.89903 ], [ 10.68069, 42.94652 ], [ 10.58889, 42.9575 ], [ 10.53333, 43.05277 ], [ 10.54264, 43.15013 ], [ 10.51833, 43.2575 ], [ 10.42278, 43.39805 ], [ 10.32451, 43.47513 ], [ 10.29514, 43.54256 ], [ 10.2675, 43.79611 ], [ 10.23625, 43.87903 ], [ 10.09083, 44.01861 ], [ 9.715, 44.11471 ], [ 9.33653, 44.30972 ], [ 9.23111, 44.34694 ], [ 8.74722, 44.42805 ], [ 8.49528, 44.32263 ], [ 8.44392, 44.26791 ], [ 8.39923, 44.17979 ], [ 8.27403, 44.14083 ], [ 8.15632, 43.98277 ], [ 8.16465, 43.95875 ], [ 8.06778, 43.89305 ], [ 7.94889, 43.84638 ], [ 7.77278, 43.81528 ], [ 7.66549, 43.77958 ], [ 7.58021, 43.79125 ], [ 7.53193, 43.78204 ], [ 7.49621, 43.87451 ], [ 7.65861, 44.0068 ], [ 7.70625, 44.07583 ], [ 7.70905, 44.09131 ], [ 7.66167, 44.13395 ], [ 7.66222, 44.17083 ], [ 7.61472, 44.18027 ], [ 7.42097, 44.12611 ], [ 7.35083, 44.13152 ], [ 7.03139, 44.24694 ], [ 6.97639, 44.28417 ], [ 6.87792, 44.37513 ], [ 6.85278, 44.54083 ], [ 7.02833, 44.74472 ], [ 7.03167, 44.83138 ], [ 6.94236, 44.87069 ], [ 6.90167, 44.86041 ], [ 6.84931, 44.87041 ], [ 6.74903, 44.91833 ], [ 6.62397, 45.11572 ], [ 6.76639, 45.16819 ], [ 6.82167, 45.15305 ], [ 6.93944, 45.17944 ], [ 7.12778, 45.2593 ], [ 7.15861, 45.3775 ], [ 7.14694, 45.43055 ], [ 6.99542, 45.52527 ], [ 6.96944, 45.59694 ], [ 6.80986, 45.72965 ], [ 6.79935, 45.78866 ], [ 6.81333, 45.83423 ], [ 6.98451, 45.8759 ], [ 7.03805, 45.93194 ], [ 7.10326, 45.88354 ], [ 7.19139, 45.88069 ], [ 7.29681, 45.92319 ], [ 7.38611, 45.91541 ], [ 7.53667, 45.98167 ], [ 7.65028, 45.98055 ], [ 7.74333, 45.93222 ], [ 7.85574, 45.91905 ], [ 7.8793, 45.97514 ], [ 8.00903, 46.0093 ], [ 8.14958, 46.15124 ], [ 8.15875, 46.18382 ], [ 8.14194, 46.22291 ], [ 8.30375, 46.42291 ], [ 8.36528, 46.4536 ], [ 8.44145, 46.46208 ], [ 8.46083, 46.44833 ], [ 8.46597, 46.37263 ], [ 8.43458, 46.29319 ], [ 8.445, 46.24722 ], [ 8.61583, 46.12125 ], [ 8.69653, 46.10111 ], [ 8.74722, 46.12111 ], [ 8.82222, 46.09861 ], [ 8.85146, 46.05673 ], [ 8.82028, 46.03389 ], [ 8.81986, 45.98639 ], [ 8.89778, 45.95277 ], [ 8.95111, 45.84527 ], [ 8.99833, 45.82944 ], [ 9.03666, 45.83778 ], [ 9.0841, 45.90229 ], [ 9.02299, 45.93895 ], [ 8.99736, 45.97514 ], [ 9.03583, 46.05722 ], [ 9.08333, 46.12111 ], [ 9.24101, 46.23363 ], [ 9.29264, 46.32486 ], [ 9.27312, 46.42576 ], [ 9.25062, 46.44242 ], [ 9.29378, 46.50083 ], [ 9.3668, 46.50805 ], [ 9.455, 46.4725 ], [ 9.45764, 46.38624 ], [ 9.54486, 46.30624 ], [ 9.62472, 46.29194 ], [ 9.70882, 46.30027 ], [ 9.81306, 46.35833 ], [ 9.94694, 46.37958 ], [ 9.99042, 46.3552 ], [ 9.995, 46.29167 ], [ 10.07177, 46.2218 ], [ 10.13639, 46.23069 ], [ 10.17396, 46.26312 ], [ 10.15389, 46.39027 ], [ 10.04969, 46.44559 ], [ 10.05139, 46.54152 ], [ 10.11917, 46.61138 ], [ 10.24181, 46.63444 ], [ 10.24632, 46.59041 ], [ 10.30361, 46.55486 ], [ 10.45753, 46.54251 ], [ 10.48569, 46.59264 ], [ 10.4475, 46.76305 ], [ 10.47124, 46.87135 ], [ 10.56361, 46.84888 ], [ 10.68014, 46.87382 ], [ 10.83417, 46.78694 ], [ 10.88778, 46.77111 ], [ 11.0168, 46.77333 ], [ 11.07139, 46.82347 ], [ 11.10055, 46.91541 ], [ 11.17715, 46.96736 ], [ 11.48389, 47.01416 ], [ 11.62194, 47.01278 ], [ 11.76125, 46.97819 ], [ 12.18611, 47.09458 ], [ 12.23083, 47.07222 ], [ 12.19458, 47.03298 ], [ 12.13302, 47.01257 ], [ 12.13611, 46.96694 ], [ 12.16028, 46.92806 ], [ 12.30167, 46.84111 ], [ 12.38375, 46.72111 ], [ 12.44055, 46.69083 ], [ 12.55444, 46.66166 ], [ 12.77833, 46.64791 ], [ 13.2575, 46.56194 ], [ 13.555, 46.55625 ], [ 13.71865, 46.52661 ] ], [ [ 12.40913, 43.90842 ], [ 12.48442, 43.90761 ], [ 12.51557, 43.99566 ], [ 12.40555, 43.95431 ], [ 12.40913, 43.90842 ] ], [ [ 12.45052, 41.90653 ], [ 12.45451, 41.90022 ], [ 12.45767, 41.90578 ], [ 12.45052, 41.90653 ] ] ] ] } },
{ "type": "Feature", "properties": { "geo_point_2d": { "lon": 12.452254473718623, "lat": 41.90336493327425 }, "iso3": "VAT", "status": "Permanent Observer to the UN", "color_code": "VAT", "name": "Vatican City", "continent": "Europe", "region": "Southern Europe", "iso_3166_1_alpha_2_codes": "VA", "french_short": "Saint-Siège", "iso2": "VA" }, "geometry": { "type": "Polygon", "coordinates": [ [ [ 12.45451, 41.90022 ], [ 12.45052, 41.90653 ], [ 12.45767, 41.90578 ], [ 12.45451, 41.90022 ] ] ] } },
{ "type": "Feature", "properties": { "geo_point_2d": { "lon": 19.413447961183078, "lat": 47.16650222537332 }, "iso3": "HUN", "status": "Member State", "color_code": "HUN", "name": "Hungary", "continent": "Europe", "region": "Eastern Europe", "iso_3166_1_alpha_2_codes": "HU", "french_short": "Hongrie", "iso2": "HU" }, "geometry": { "type": "Polygon", "coordinates": [ [ [ 22.15144, 48.41192 ], [ 22.2143, 48.41777 ], [ 22.27021, 48.40221 ], [ 22.27028, 48.35999 ], [ 22.38097, 48.24485 ], [ 22.49461, 48.2497 ], [ 22.57472, 48.18721 ], [ 22.62572, 48.10035 ], [ 22.67979, 48.09499 ], [ 22.79027, 48.11666 ], [ 22.84654, 48.08316 ], [ 22.88322, 48.04048 ], [ 22.85916, 47.99389 ], [ 22.8948, 47.95454 ], [ 22.78, 47.84298 ], [ 22.65361, 47.77639 ], [ 22.55222, 47.76708 ], [ 22.44986, 47.79486 ], [ 22.27375, 47.72625 ], [ 22.22527, 47.6793 ], [ 22.18639, 47.59861 ], [ 22.03778, 47.53361 ], [ 22.01389, 47.51062 ], [ 22.00833, 47.47861 ], [ 22.02028, 47.45083 ], [ 22.01347, 47.39013 ], [ 21.99854, 47.37361 ], [ 21.92944, 47.35895 ], [ 21.87166, 47.29652 ], [ 21.84229, 47.22923 ], [ 21.84722, 47.19812 ], [ 21.78347, 47.11493 ], [ 21.71, 47.07972 ], [ 21.6525, 47.02756 ], [ 21.69222, 47.00628 ], [ 21.61333, 46.88416 ], [ 21.53021, 46.82701 ], [ 21.4934, 46.75475 ], [ 21.52573, 46.72618 ], [ 21.49389, 46.68694 ], [ 21.45354, 46.68465 ], [ 21.32757, 46.62062 ], [ 21.29361, 46.53249 ], [ 21.28889, 46.46055 ], [ 21.20278, 46.3968 ], [ 21.17736, 46.29736 ], [ 21.04937, 46.24083 ], [ 20.825, 46.27597 ], [ 20.75736, 46.24291 ], [ 20.72027, 46.18958 ], [ 20.72696, 46.17556 ], [ 20.68767, 46.1463 ], [ 20.62208, 46.13083 ], [ 20.56333, 46.16499 ], [ 20.48695, 46.1811 ], [ 20.2743, 46.14041 ], [ 20.26102, 46.11485 ], [ 20.20278, 46.15055 ], [ 20.11528, 46.16722 ], [ 19.96111, 46.17083 ], [ 19.84958, 46.15215 ], [ 19.66652, 46.18111 ], [ 19.56528, 46.17277 ], [ 19.50632, 46.13923 ], [ 19.51632, 46.11812 ], [ 19.46389, 46.07639 ], [ 19.28403, 45.98888 ], [ 19.1541, 45.98861 ], [ 19.1275, 46.0209 ], [ 19.09305, 46.02222 ], [ 19.00264, 45.95944 ], [ 18.85889, 45.91111 ], [ 18.81702, 45.91297 ], [ 18.78, 45.89472 ], [ 18.71944, 45.91152 ], [ 18.55556, 45.8 ], [ 18.43375, 45.75097 ], [ 18.15333, 45.78722 ], [ 17.88083, 45.78388 ], [ 17.66097, 45.83874 ], [ 17.64486, 45.88527 ], [ 17.58257, 45.93756 ], [ 17.45861, 45.95444 ], [ 17.38944, 45.93805 ], [ 17.31139, 45.97528 ], [ 17.25743, 46.02096 ], [ 17.23472, 46.09042 ], [ 17.15271, 46.18027 ], [ 16.93777, 46.24945 ], [ 16.89139, 46.28374 ], [ 16.8743, 46.34534 ], [ 16.84055, 46.36999 ], [ 16.66111, 46.46555 ], [ 16.53097, 46.50902 ], [ 16.40861, 46.65888 ], [ 16.37533, 46.72277 ], [ 16.35931, 46.7202 ], [ 16.32528, 46.75583 ], [ 16.31548, 46.7943 ], [ 16.34903, 46.84236 ], [ 16.26972, 46.87444 ], [ 16.13979, 46.85916 ], [ 16.1118, 46.86972 ], [ 16.25361, 46.95833 ], [ 16.30278, 47.01138 ], [ 16.50486, 47.00677 ], [ 16.50555, 47.115 ], [ 16.4593, 47.14729 ], [ 16.4209, 47.21041 ], [ 16.49139, 47.28194 ], [ 16.45201, 47.41284 ], [ 16.5925, 47.42528 ], [ 16.6552, 47.45815 ], [ 16.71389, 47.54388 ], [ 16.66639, 47.61444 ], [ 16.63257, 47.63444 ], [ 16.59666, 47.62889 ], [ 16.43264, 47.66638 ], [ 16.45055, 47.69805 ], [ 16.55861, 47.75638 ], [ 16.63556, 47.76028 ], [ 16.72347, 47.72645 ], [ 16.76416, 47.68541 ], [ 17.05389, 47.70944 ], [ 17.07166, 47.72861 ], [ 17.06056, 47.87694 ], [ 17.10806, 47.97138 ], [ 17.18111, 48.02076 ], [ 17.25166, 48.02499 ], [ 17.26319, 48.0075 ], [ 17.34194, 47.99576 ], [ 17.48587, 47.87797 ], [ 17.78729, 47.74643 ], [ 17.97611, 47.76361 ], [ 18.30472, 47.7375 ], [ 18.4493, 47.76736 ], [ 18.66305, 47.75972 ], [ 18.75778, 47.81435 ], [ 18.84972, 47.81777 ], [ 18.85472, 47.83167 ], [ 18.7835, 47.87208 ], [ 18.75965, 47.91472 ], [ 18.77166, 47.96555 ], [ 18.84534, 48.04913 ], [ 19.04171, 48.07064 ], [ 19.20833, 48.05945 ], [ 19.47243, 48.08944 ], [ 19.53022, 48.20893 ], [ 19.63055, 48.23389 ], [ 19.755, 48.20944 ], [ 19.91062, 48.13048 ], [ 19.93986, 48.13624 ], [ 20.01014, 48.17389 ], [ 20.05933, 48.17631 ], [ 20.23555, 48.27499 ], [ 20.28302, 48.25572 ], [ 20.31722, 48.26972 ], [ 20.36305, 48.30458 ], [ 20.43583, 48.43361 ], [ 20.49944, 48.48306 ], [ 20.50083, 48.50444 ], [ 20.53972, 48.53694 ], [ 20.65291, 48.56166 ], [ 20.81805, 48.57617 ], [ 20.94639, 48.52472 ], [ 21.15333, 48.51111 ], [ 21.25389, 48.52222 ], [ 21.43819, 48.57534 ], [ 21.61729, 48.4925 ], [ 21.62541, 48.45888 ], [ 21.72236, 48.35534 ], [ 21.78097, 48.34069 ], [ 21.93583, 48.37917 ], [ 22.09861, 48.37798 ], [ 22.15144, 48.41192 ] ] ] } },
{ "type": "Feature", "properties": { "geo_point_2d": { "lon": 14.14019348879525, "lat": 47.592902606915196 }, "iso3": "AUT", "status": "Member State", "color_code": "AUT", "name": "Austria", "continent": "Europe", "region": "Western Europe", "iso_3166_1_alpha_2_codes": "AT", "french_short": "Autriche", "iso2": "AT" }, "geometry": { "type": "Polygon", "coordinates": [ [ [ 16.94618, 48.61907 ], [ 16.93333, 48.53278 ], [ 16.85583, 48.44944 ], [ 16.84472, 48.36197 ], [ 16.92389, 48.28208 ], [ 16.94972, 48.27805 ], [ 16.97528, 48.18833 ], [ 17.06915, 48.13527 ], [ 17.11667, 48.0386 ], [ 17.16639, 48.0125 ], [ 17.10806, 47.97138 ], [ 17.06056, 47.87694 ], [ 17.07166, 47.72861 ], [ 17.05389, 47.70944 ], [ 16.76416, 47.68541 ], [ 16.72347, 47.72645 ], [ 16.63556, 47.76028 ], [ 16.55861, 47.75638 ], [ 16.45055, 47.69805 ], [ 16.43264, 47.66638 ], [ 16.59666, 47.62889 ], [ 16.63257, 47.63444 ], [ 16.66639, 47.61444 ], [ 16.71389, 47.54388 ], [ 16.6552, 47.45815 ], [ 16.5925, 47.42528 ], [ 16.45201, 47.41284 ], [ 16.49139, 47.28194 ], [ 16.4209, 47.21041 ], [ 16.4593, 47.14729 ], [ 16.50555, 47.115 ], [ 16.50486, 47.00677 ], [ 16.30278, 47.01138 ], [ 16.25361, 46.95833 ], [ 16.13791, 46.87889 ], [ 15.98833, 46.83159 ], [ 15.98792, 46.75513 ], [ 15.85903, 46.72319 ], [ 15.40611, 46.6525 ], [ 15.10291, 46.65666 ], [ 14.8675, 46.61333 ], [ 14.81319, 46.51138 ], [ 14.545, 46.4075 ], [ 14.15368, 46.44263 ], [ 14.11583, 46.47889 ], [ 13.93694, 46.51583 ], [ 13.77611, 46.51832 ], [ 13.555, 46.55625 ], [ 13.2575, 46.56194 ], [ 12.77833, 46.64791 ], [ 12.55444, 46.66166 ], [ 12.44055, 46.69083 ], [ 12.38375, 46.72111 ], [ 12.30167, 46.84111 ], [ 12.16028, 46.92806 ], [ 12.13611, 46.96694 ], [ 12.13302, 47.01257 ], [ 12.19458, 47.03298 ], [ 12.23083, 47.07222 ], [ 12.18611, 47.09458 ], [ 11.76125, 46.97819 ], [ 11.62194, 47.01278 ], [ 11.48389, 47.01416 ], [ 11.17715, 46.96736 ], [ 11.10055, 46.91541 ], [ 11.07139, 46.82347 ], [ 11.0168, 46.77333 ], [ 10.88778, 46.77111 ], [ 10.83417, 46.78694 ], [ 10.68014, 46.87382 ], [ 10.56361, 46.84888 ], [ 10.49778, 46.85527 ], [ 10.47124, 46.87135 ], [ 10.48821, 46.93599 ], [ 10.39076, 47.00257 ], [ 10.35062, 46.99124 ], [ 10.31333, 46.93361 ], [ 10.2275, 46.87694 ], [ 10.10944, 46.85027 ], [ 9.87778, 46.94041 ], [ 9.8916, 47.00034 ], [ 9.87292, 47.02305 ], [ 9.59863, 47.06384 ], [ 9.63361, 47.09715 ], [ 9.63389, 47.13055 ], [ 9.53357, 47.27454 ], [ 9.61097, 47.36222 ], [ 9.67035, 47.39069 ], [ 9.64965, 47.45861 ], [ 9.5966, 47.46944 ], [ 9.5598, 47.50209 ], [ 9.56672, 47.54045 ], [ 9.69253, 47.52951 ], [ 9.73279, 47.54112 ], [ 9.77542, 47.59125 ], [ 9.81097, 47.59416 ], [ 10.04305, 47.49528 ], [ 10.23174, 47.37374 ], [ 10.17333, 47.27472 ], [ 10.22889, 47.27604 ], [ 10.33667, 47.3127 ], [ 10.47375, 47.43764 ], [ 10.46618, 47.48291 ], [ 10.43639, 47.52916 ], [ 10.43368, 47.58048 ], [ 10.4818, 47.58652 ], [ 10.56944, 47.54028 ], [ 10.69083, 47.55389 ], [ 10.90944, 47.51805 ], [ 10.97667, 47.40027 ], [ 11.10403, 47.39652 ], [ 11.29639, 47.42889 ], [ 11.4575, 47.51221 ], [ 11.57986, 47.52409 ], [ 11.68305, 47.58472 ], [ 12.00639, 47.62444 ], [ 12.20156, 47.61299 ], [ 12.20111, 47.65749 ], [ 12.455, 47.66777 ], [ 12.51444, 47.63326 ], [ 12.57639, 47.64416 ], [ 12.6034, 47.67229 ], [ 12.73694, 47.6827 ], [ 12.82785, 47.62125 ], [ 12.80597, 47.61486 ], [ 12.78819, 47.58354 ], [ 12.80667, 47.55472 ], [ 12.95787, 47.47701 ], [ 13.0125, 47.46979 ], [ 13.05333, 47.49757 ], [ 13.10014, 47.64292 ], [ 13.0775, 47.68736 ], [ 13.02305, 47.72416 ], [ 12.99375, 47.71416 ], [ 12.91396, 47.725 ], [ 12.94417, 47.78874 ], [ 13.00889, 47.85416 ], [ 12.91889, 47.95777 ], [ 12.76625, 48.08222 ], [ 12.75972, 48.12173 ], [ 12.87125, 48.20291 ], [ 13.01778, 48.25944 ], [ 13.28528, 48.30528 ], [ 13.395, 48.3661 ], [ 13.43792, 48.42944 ], [ 13.4575, 48.51555 ], [ 13.44323, 48.56024 ], [ 13.51861, 48.58458 ], [ 13.65472, 48.55166 ], [ 13.726, 48.51558 ], [ 13.80375, 48.58263 ], [ 13.82542, 48.63111 ], [ 13.81472, 48.73805 ], [ 13.83361, 48.77361 ], [ 13.99861, 48.71403 ], [ 14.18417, 48.59611 ], [ 14.27833, 48.58249 ], [ 14.39028, 48.5925 ], [ 14.50555, 48.62833 ], [ 14.61194, 48.62847 ], [ 14.70028, 48.58138 ], [ 14.71944, 48.60402 ], [ 14.72722, 48.69347 ], [ 14.82375, 48.78507 ], [ 14.95889, 48.79471 ], [ 14.97958, 48.97993 ], [ 15.02861, 49.01875 ], [ 15.35903, 48.98472 ], [ 15.68597, 48.86402 ], [ 15.84943, 48.8597 ], [ 16.10333, 48.75 ], [ 16.38215, 48.73604 ], [ 16.41298, 48.75187 ], [ 16.45826, 48.81125 ], [ 16.54055, 48.81236 ], [ 16.65882, 48.78527 ], [ 16.71167, 48.74638 ], [ 16.78555, 48.71986 ], [ 16.8925, 48.72583 ], [ 16.91792, 48.70319 ], [ 16.94618, 48.61907 ] ] ] } },
{ "type": "Feature", "properties": { "geo_point_2d": { "lon": 10.393661554752802, "lat": 51.1065921857343 }, "iso3": "DEU", "status": "Member State", "color_code": "DEU", "name": "Germany", "continent": "Europe", "region": "Western Europe", "iso_3166_1_alpha_2_codes": "DE", "french_short": "Allemagne", "iso2": "DE" }, "geometry": { "type": "MultiPolygon", "coordinates": [ [ [ [ 14.22555, 53.9286 ], [ 14.21889, 53.86902 ], [ 14.03937, 53.86979 ], [ 14.00028, 53.8518 ], [ 13.88528, 53.84013 ], [ 13.82919, 53.85951 ], [ 13.92916, 53.8975 ], [ 13.98207, 53.96255 ], [ 14.0396, 53.94264 ], [ 14.056, 53.98486 ], [ 13.97988, 54.05661 ], [ 13.95407, 54.06055 ], [ 13.9241, 54.05901 ], [ 13.90042, 54.01194 ], [ 13.85903, 53.99944 ], [ 13.82278, 54.03666 ], [ 13.81081, 54.10447 ], [ 13.75805, 54.14736 ], [ 13.76847, 54.16583 ], [ 13.81278, 54.16673 ], [ 13.89238, 54.0903 ], [ 14.00132, 54.06536 ], [ 14.22555, 53.9286 ] ] ], [ [ [ 10.97944, 54.38056 ], [ 10.995, 54.38194 ], [ 11.01646, 54.37916 ], [ 10.99458, 54.37749 ], [ 10.97944, 54.38056 ] ] ], [ [ [ 11.3125, 54.40833 ], [ 11.12389, 54.40695 ], [ 11.02105, 54.43876 ], [ 11.00611, 54.45764 ], [ 11.02875, 54.50458 ], [ 11.0668, 54.53458 ], [ 11.18417, 54.52 ], [ 11.24375, 54.49444 ], [ 11.3125, 54.40833 ] ] ], [ [ [ 13.3843, 54.64194 ], [ 13.39131, 54.60695 ], [ 13.43342, 54.57784 ], [ 13.61778, 54.58611 ], [ 13.67451, 54.56659 ], [ 13.67653, 54.52944 ], [ 13.58736, 54.48319 ], [ 13.57728, 54.45693 ], [ 13.61903, 54.40333 ], [ 13.67139, 54.40153 ], [ 13.71069, 54.38097 ], [ 13.74389, 54.33111 ], [ 13.72917, 54.27514 ], [ 13.69535, 54.28201 ], [ 13.7125, 54.32264 ], [ 13.68694, 54.34874 ], [ 13.50639, 54.34222 ], [ 13.35764, 54.27319 ], [ 13.3575, 54.25972 ], [ 13.42097, 54.26027 ], [ 13.42694, 54.23583 ], [ 13.39542, 54.22166 ], [ 13.25333, 54.25722 ], [ 13.11882, 54.33673 ], [ 13.13396, 54.37139 ], [ 13.26389, 54.38 ], [ 13.23898, 54.41147 ], [ 13.16464, 54.43435 ], [ 13.22861, 54.46499 ], [ 13.23222, 54.48582 ], [ 13.16724, 54.51337 ], [ 13.14696, 54.5456 ], [ 13.30397, 54.55029 ], [ 13.3674, 54.58044 ], [ 13.44746, 54.48894 ], [ 13.50309, 54.4931 ], [ 13.51661, 54.51337 ], [ 13.50257, 54.54977 ], [ 13.38352, 54.57836 ], [ 13.37467, 54.61007 ], [ 13.24875, 54.55778 ], [ 13.22653, 54.64118 ], [ 13.24472, 54.65666 ], [ 13.29222, 54.67333 ], [ 13.4416, 54.67479 ], [ 13.3843, 54.64194 ] ] ], [ [ [ 8.57, 54.68736 ], [ 8.48833, 54.68555 ], [ 8.39833, 54.7102 ], [ 8.40986, 54.73264 ], [ 8.44472, 54.74833 ], [ 8.55111, 54.75388 ], [ 8.58514, 54.74451 ], [ 8.59486, 54.71986 ], [ 8.57, 54.68736 ] ] ], [ [ [ 10.97944, 54.38056 ], [ 10.95826, 54.37895 ], [ 11.01694, 54.36999 ], [ 11.07389, 54.37639 ], [ 11.09396, 54.20548 ], [ 10.88055, 54.09076 ], [ 10.80139, 54.08944 ], [ 10.76222, 54.05652 ], [ 10.75736, 54.03583 ], [ 10.79555, 53.99555 ], [ 10.87979, 53.9859 ], [ 10.89014, 53.9543 ], [ 10.86361, 53.91694 ], [ 10.81853, 53.89005 ], [ 10.89889, 53.93111 ], [ 10.90443, 53.95734 ], [ 11.09472, 54.01361 ], [ 11.18354, 54.01194 ], [ 11.25163, 53.93878 ], [ 11.41278, 53.91971 ], [ 11.48083, 53.96028 ], [ 11.52208, 54.03326 ], [ 11.57681, 54.0343 ], [ 11.62635, 54.08239 ], [ 11.62611, 54.11118 ], [ 11.6875, 54.15326 ], [ 12.12972, 54.19111 ], [ 12.32695, 54.28666 ], [ 12.52694, 54.47416 ], [ 12.54055, 54.45888 ], [ 12.90069, 54.44236 ], [ 12.92153, 54.42746 ], [ 12.88055, 54.41194 ], [ 12.75834, 54.41304 ], [ 12.7038, 54.42967 ], [ 12.67069, 54.41462 ], [ 12.46389, 54.39513 ], [ 12.36569, 54.3052 ], [ 12.37437, 54.26243 ], [ 12.4516, 54.24972 ], [ 12.42396, 54.25895 ], [ 12.41917, 54.28145 ], [ 12.48014, 54.33194 ], [ 12.58194, 54.36833 ], [ 13.02389, 54.39972 ], [ 13.11861, 54.27646 ], [ 13.28514, 54.23486 ], [ 13.37917, 54.17444 ], [ 13.45458, 54.09708 ], [ 13.49972, 54.08611 ], [ 13.48403, 54.11944 ], [ 13.71083, 54.17083 ], [ 13.78889, 54.10972 ], [ 13.79903, 54.08416 ], [ 13.78611, 54.05 ], [ 13.86528, 53.90416 ], [ 13.80854, 53.85479 ], [ 13.95917, 53.775 ], [ 14.22389, 53.70083 ], [ 14.27563, 53.69907 ], [ 14.30972, 53.55555 ], [ 14.41326, 53.33896 ], [ 14.39169, 53.14416 ], [ 14.34736, 53.04888 ], [ 14.14764, 52.95923 ], [ 14.14917, 52.86278 ], [ 14.20542, 52.81861 ], [ 14.38333, 52.73083 ], [ 14.47875, 52.6525 ], [ 14.55458, 52.62722 ], [ 14.63958, 52.57298 ], [ 14.63354, 52.49055 ], [ 14.58514, 52.43986 ], [ 14.54396, 52.42187 ], [ 14.53444, 52.39625 ], [ 14.57986, 52.28833 ], [ 14.70791, 52.24562 ], [ 14.76077, 52.06986 ], [ 14.68986, 51.89694 ], [ 14.61014, 51.84819 ], [ 14.60097, 51.82006 ], [ 14.66798, 51.72388 ], [ 14.75611, 51.66673 ], [ 14.75924, 51.60749 ], [ 14.715, 51.55472 ], [ 14.73944, 51.52652 ], [ 14.92111, 51.48194 ], [ 14.97555, 51.44083 ], [ 14.97167, 51.35722 ], [ 15.03382, 51.28666 ], [ 15.03222, 51.23917 ], [ 14.96556, 51.05222 ], [ 14.82618, 50.88305 ], [ 14.80292, 50.81972 ], [ 14.61924, 50.85826 ], [ 14.62833, 50.92361 ], [ 14.56917, 51.00555 ], [ 14.49166, 51.03666 ], [ 14.30625, 51.05249 ], [ 14.25805, 50.99513 ], [ 14.32125, 50.9461 ], [ 14.36833, 50.935 ], [ 14.31139, 50.88222 ], [ 13.99069, 50.81444 ], [ 13.90361, 50.78819 ], [ 13.89111, 50.76888 ], [ 13.73417, 50.73083 ], [ 13.58222, 50.70944 ], [ 13.54111, 50.68972 ], [ 13.51083, 50.65055 ], [ 13.51847, 50.64187 ], [ 13.4634, 50.60166 ], [ 13.37833, 50.62944 ], [ 13.24958, 50.58917 ], [ 13.18722, 50.50278 ], [ 13.07944, 50.49805 ], [ 12.98556, 50.41833 ], [ 12.91722, 50.41472 ], [ 12.82514, 50.45305 ], [ 12.67139, 50.41194 ], [ 12.51541, 50.39249 ], [ 12.39861, 50.30917 ], [ 12.32555, 50.2361 ], [ 12.32306, 50.20666 ], [ 12.28111, 50.21847 ], [ 12.18264, 50.31458 ], [ 12.0937, 50.32253 ], [ 12.12208, 50.30847 ], [ 12.20917, 50.16361 ], [ 12.19382, 50.13632 ], [ 12.20614, 50.10621 ], [ 12.26556, 50.06611 ], [ 12.49139, 49.97583 ], [ 12.54597, 49.90958 ], [ 12.46847, 49.78347 ], [ 12.45555, 49.69555 ], [ 12.51548, 49.67722 ], [ 12.59778, 49.5275 ], [ 12.67444, 49.42499 ], [ 12.79722, 49.33986 ], [ 12.95903, 49.33493 ], [ 13.17305, 49.16722 ], [ 13.39611, 49.04916 ], [ 13.40254, 49.00619 ], [ 13.50972, 48.9725 ], [ 13.56482, 48.97367 ], [ 13.62611, 48.94763 ], [ 13.67222, 48.88944 ], [ 13.74562, 48.87076 ], [ 13.83361, 48.77361 ], [ 13.81472, 48.73805 ], [ 13.82542, 48.63111 ], [ 13.80375, 48.58263 ], [ 13.726, 48.51558 ], [ 13.65472, 48.55166 ], [ 13.51861, 48.58458 ], [ 13.44323, 48.56024 ], [ 13.4575, 48.51555 ], [ 13.43792, 48.42944 ], [ 13.395, 48.3661 ], [ 13.28528, 48.30528 ], [ 13.01778, 48.25944 ], [ 12.87125, 48.20291 ], [ 12.75972, 48.12173 ], [ 12.76625, 48.08222 ], [ 12.91889, 47.95777 ], [ 13.00889, 47.85416 ], [ 12.94417, 47.78874 ], [ 12.91396, 47.725 ], [ 12.99375, 47.71416 ], [ 13.02305, 47.72416 ], [ 13.0775, 47.68736 ], [ 13.10014, 47.64292 ], [ 13.05333, 47.49757 ], [ 13.0125, 47.46979 ], [ 12.95787, 47.47701 ], [ 12.80667, 47.55472 ], [ 12.78819, 47.58354 ], [ 12.80597, 47.61486 ], [ 12.82785, 47.62125 ], [ 12.73694, 47.6827 ], [ 12.6034, 47.67229 ], [ 12.57639, 47.64416 ], [ 12.51444, 47.63326 ], [ 12.455, 47.66777 ], [ 12.20111, 47.65749 ], [ 12.20156, 47.61299 ], [ 12.00639, 47.62444 ], [ 11.68305, 47.58472 ], [ 11.57986, 47.52409 ], [ 11.4575, 47.51221 ], [ 11.29639, 47.42889 ], [ 11.10403, 47.39652 ], [ 10.97667, 47.40027 ], [ 10.90944, 47.51805 ], [ 10.69083, 47.55389 ], [ 10.56944, 47.54028 ], [ 10.4818, 47.58652 ], [ 10.43368, 47.58048 ], [ 10.43639, 47.52916 ], [ 10.46618, 47.48291 ], [ 10.47375, 47.43764 ], [ 10.33667, 47.3127 ], [ 10.22889, 47.27604 ], [ 10.17333, 47.27472 ], [ 10.23174, 47.37374 ], [ 10.04305, 47.49528 ], [ 9.81097, 47.59416 ], [ 9.77542, 47.59125 ], [ 9.73279, 47.54112 ], [ 9.60877, 47.52951 ], [ 9.2611, 47.66284 ], [ 9.03333, 47.68833 ], [ 8.89889, 47.65083 ], [ 8.80548, 47.73604 ], [ 8.77437, 47.71597 ], [ 8.80013, 47.68172 ], [ 8.72022, 47.69662 ], [ 8.73646, 47.75708 ], [ 8.66139, 47.79805 ], [ 8.56292, 47.80666 ], [ 8.47708, 47.77062 ], [ 8.40694, 47.7018 ], [ 8.41903, 47.67388 ], [ 8.48542, 47.64708 ], [ 8.61025, 47.66773 ], [ 8.62496, 47.65621 ], [ 8.57642, 47.59137 ], [ 8.56291, 47.6184 ], [ 8.52347, 47.6327 ], [ 8.43583, 47.57361 ], [ 8.19576, 47.62034 ], [ 8.10184, 47.57107 ], [ 8.03333, 47.55611 ], [ 7.69722, 47.54333 ], [ 7.62111, 47.5611 ], [ 7.66882, 47.57604 ], [ 7.67569, 47.60499 ], [ 7.58827, 47.58448 ], [ 7.56417, 47.63916 ], [ 7.52764, 47.66242 ], [ 7.51208, 47.69514 ], [ 7.52667, 47.78805 ], [ 7.62319, 47.97305 ], [ 7.61977, 47.99652 ], [ 7.57049, 48.0441 ], [ 7.57838, 48.1172 ], [ 7.74871, 48.33579 ], [ 7.73667, 48.39403 ], [ 7.80222, 48.57583 ], [ 7.88, 48.66416 ], [ 8.09222, 48.8036 ], [ 8.1375, 48.89319 ], [ 8.19833, 48.95541 ], [ 8.22608, 48.96442 ], [ 7.93597, 49.04888 ], [ 7.65209, 49.04493 ], [ 7.48694, 49.16416 ], [ 7.42556, 49.17645 ], [ 7.36901, 49.16878 ], [ 7.36403, 49.15194 ], [ 7.28972, 49.11166 ], [ 7.09056, 49.1275 ], [ 7.01944, 49.18749 ], [ 6.92986, 49.2202 ], [ 6.84608, 49.21204 ], [ 6.85635, 49.18176 ], [ 6.8341, 49.15507 ], [ 6.72924, 49.16763 ], [ 6.68694, 49.24499 ], [ 6.54125, 49.42389 ], [ 6.41375, 49.47569 ], [ 6.36217, 49.45939 ], [ 6.35649, 49.52586 ], [ 6.42083, 49.66583 ], [ 6.50583, 49.70663 ], [ 6.52403, 49.8077 ], [ 6.39556, 49.81777 ], [ 6.25278, 49.88236 ], [ 6.17417, 49.95111 ], [ 6.11306, 50.05736 ], [ 6.16667, 50.22472 ], [ 6.3982, 50.32317 ], [ 6.3734, 50.44319 ], [ 6.33917, 50.48694 ], [ 6.26472, 50.49777 ], [ 6.24778, 50.58917 ], [ 6.27042, 50.61985 ], [ 6.16722, 50.65639 ], [ 6.0118, 50.75727 ], [ 6.01667, 50.84166 ], [ 6.08444, 50.87208 ], [ 6.08083, 50.91472 ], [ 6.02493, 50.97798 ], [ 5.90201, 50.97312 ], [ 5.86944, 51.01889 ], [ 5.865, 51.04534 ], [ 6.00305, 51.08416 ], [ 6.0975, 51.1311 ], [ 6.07167, 51.21409 ], [ 6.07764, 51.24138 ], [ 6.2225, 51.36319 ], [ 6.22208, 51.46736 ], [ 6.20486, 51.51347 ], [ 6.09361, 51.60583 ], [ 6.02889, 51.70666 ], [ 5.95205, 51.74753 ], [ 5.98274, 51.76722 ], [ 5.96361, 51.80666 ], [ 6.12361, 51.88805 ], [ 6.18222, 51.89527 ], [ 6.35111, 51.84805 ], [ 6.46278, 51.85361 ], [ 6.68465, 51.91166 ], [ 6.7225, 51.89791 ], [ 6.74639, 51.90611 ], [ 6.82896, 51.97576 ], [ 6.7975, 52.00874 ], [ 6.72861, 52.03527 ], [ 6.75943, 52.11456 ], [ 6.85604, 52.12049 ], [ 6.90264, 52.17222 ], [ 7.05309, 52.23776 ], [ 7.0291, 52.27826 ], [ 7.07042, 52.35583 ], [ 7.06299, 52.39096 ], [ 6.98403, 52.45735 ], [ 6.95424, 52.43722 ], [ 6.75889, 52.46097 ], [ 6.70403, 52.48819 ], [ 6.68958, 52.55055 ], [ 6.75812, 52.56465 ], [ 6.71892, 52.62679 ], [ 6.76576, 52.65118 ], [ 7.03375, 52.63319 ], [ 7.05347, 52.64958 ], [ 7.07333, 52.81972 ], [ 7.17972, 52.93416 ], [ 7.21097, 53.00888 ], [ 7.20836, 53.2428 ], [ 7.25583, 53.31604 ], [ 7.3509, 53.30725 ], [ 7.33708, 53.32305 ], [ 7.22694, 53.33639 ], [ 7.04993, 53.34111 ], [ 7.01896, 53.37535 ], [ 7.03236, 53.48236 ], [ 7.09354, 53.58819 ], [ 7.23208, 53.66722 ], [ 7.34111, 53.68861 ], [ 7.51347, 53.67208 ], [ 7.9075, 53.71945 ], [ 8.01431, 53.70833 ], [ 8.05208, 53.63139 ], [ 8.16125, 53.55868 ], [ 8.1666, 53.52888 ], [ 8.06243, 53.5009 ], [ 8.09778, 53.44444 ], [ 8.21028, 53.40305 ], [ 8.28604, 53.4209 ], [ 8.31187, 53.45631 ], [ 8.31993, 53.50555 ], [ 8.305, 53.52486 ], [ 8.23368, 53.52312 ], [ 8.24306, 53.58611 ], [ 8.26958, 53.6075 ], [ 8.33222, 53.61528 ], [ 8.49444, 53.55499 ], [ 8.51333, 53.50958 ], [ 8.48403, 53.46208 ], [ 8.48472, 53.41222 ], [ 8.50389, 53.36236 ], [ 8.50437, 53.48319 ], [ 8.56552, 53.52906 ], [ 8.49083, 53.64889 ], [ 8.4841, 53.68632 ], [ 8.57736, 53.85499 ], [ 8.60458, 53.87902 ], [ 8.68222, 53.89389 ], [ 8.75639, 53.84666 ], [ 8.85305, 53.82972 ], [ 9.12889, 53.8661 ], [ 9.2834, 53.85555 ], [ 9.57792, 53.58861 ], [ 9.69583, 53.55028 ], [ 9.82906, 53.5417 ], [ 9.67278, 53.57527 ], [ 9.57528, 53.61361 ], [ 9.43417, 53.74402 ], [ 9.39375, 53.82264 ], [ 9.33278, 53.85499 ], [ 9.21305, 53.88972 ], [ 8.98417, 53.89187 ], [ 8.9068, 53.93471 ], [ 8.84427, 54.03475 ], [ 8.88569, 54.04472 ], [ 8.975, 54.01819 ], [ 9.0018, 54.02708 ], [ 9.01722, 54.085 ], [ 8.97111, 54.13166 ], [ 8.85236, 54.12798 ], [ 8.82736, 54.15166 ], [ 8.81278, 54.175 ], [ 8.81986, 54.19861 ], [ 8.88361, 54.29417 ], [ 8.6625, 54.26819 ], [ 8.63764, 54.27611 ], [ 8.60048, 54.32638 ], [ 8.64243, 54.39708 ], [ 8.88694, 54.41416 ], [ 8.99472, 54.45194 ], [ 9.01396, 54.47499 ], [ 9.01125, 54.50347 ], [ 8.91889, 54.56111 ], [ 8.80958, 54.67694 ], [ 8.69694, 54.74694 ], [ 8.64139, 54.83222 ], [ 8.54561, 54.8706 ], [ 8.3009, 54.85645 ], [ 8.29083, 54.7428 ], [ 8.28055, 54.77499 ], [ 8.29333, 54.90056 ], [ 8.38819, 55.04916 ], [ 8.45424, 55.05097 ], [ 8.43833, 55.02416 ], [ 8.37194, 54.99417 ], [ 8.35319, 54.96611 ], [ 8.46121, 54.89997 ], [ 8.66455, 54.91309 ], [ 8.71944, 54.8911 ], [ 8.8351, 54.91379 ], [ 8.92, 54.90805 ], [ 9.22889, 54.84958 ], [ 9.24833, 54.81263 ], [ 9.35083, 54.81055 ], [ 9.41472, 54.83333 ], [ 9.44536, 54.8254 ], [ 9.43944, 54.80798 ], [ 9.57833, 54.82555 ], [ 9.78555, 54.78611 ], [ 9.93583, 54.78195 ], [ 9.97201, 54.76076 ], [ 10.03736, 54.66824 ], [ 10.0325, 54.55528 ], [ 9.97055, 54.5075 ], [ 9.84555, 54.47673 ], [ 9.86604, 54.45729 ], [ 10.12694, 54.48972 ], [ 10.36833, 54.43555 ], [ 10.60972, 54.36055 ], [ 10.69055, 54.3093 ], [ 10.795, 54.31235 ], [ 10.88528, 54.36194 ], [ 10.94646, 54.38451 ], [ 10.97944, 54.38056 ] ] ] ] } },
{ "type": "Feature", "properties": { "geo_point_2d": { "lon": 9.554268191533609, "lat": 47.15184890472742 }, "iso3": "LIE", "status": "Member State", "color_code": "LIE", "name": "Liechtenstein", "continent": "Europe", "region": "Western Europe", "iso_3166_1_alpha_2_codes": "LI", "french_short": "Liechtenstein", "iso2": "LI" }, "geometry": { "type": "Polygon", "coordinates": [ [ [ 9.59863, 47.06384 ], [ 9.47464, 47.05746 ], [ 9.51173, 47.10597 ], [ 9.485, 47.19624 ], [ 9.53357, 47.27454 ], [ 9.63389, 47.13055 ], [ 9.63361, 47.09715 ], [ 9.59863, 47.06384 ] ] ] } },
{ "type": "Feature", "properties": { "geo_point_2d": { "lon": 33.22176299478318, "lat": 35.04588258022155 }, "iso3": "CYP", "status": "Member State", "color_code": "CYP", "name": "Cyprus", "continent": "Asia", "region": "Western Asia", "iso_3166_1_alpha_2_codes": "CY", "french_short": "Chypre", "iso2": "CY" }, "geometry": { "type": "Polygon", "coordinates": [ [ [ 34.56972, 35.64361 ], [ 33.94833, 35.30722 ], [ 33.91055, 35.25305 ], [ 33.90028, 35.19805 ], [ 33.90208, 35.16305 ], [ 34.05444, 35.02055 ], [ 34.08527, 34.96166 ], [ 33.97694, 34.98138 ], [ 33.91333, 34.96945 ], [ 33.86479, 34.93722 ], [ 33.79028, 34.97028 ], [ 33.68139, 34.9668 ], [ 33.64792, 34.93888 ], [ 33.63742, 34.86215 ], [ 33.60333, 34.81847 ], [ 33.36902, 34.72653 ], [ 33.21722, 34.69944 ], [ 33.11694, 34.69861 ], [ 33.03, 34.65778 ], [ 32.83111, 34.6675 ], [ 32.71388, 34.64027 ], [ 32.47111, 34.71305 ], [ 32.40583, 34.74986 ], [ 32.34138, 34.86333 ], [ 32.27027, 35.06249 ], [ 32.27861, 35.09541 ], [ 32.29514, 35.09458 ], [ 32.37263, 35.03895 ], [ 32.42403, 35.04416 ], [ 32.49388, 35.09694 ], [ 32.55138, 35.17347 ], [ 32.65597, 35.18972 ], [ 32.82055, 35.14388 ], [ 32.85833, 35.15055 ], [ 32.91277, 35.18861 ], [ 32.93916, 35.3275 ], [ 33.00278, 35.36555 ], [ 33.38528, 35.32833 ], [ 33.65262, 35.3541 ], [ 33.75305, 35.39847 ], [ 33.85361, 35.40305 ], [ 33.96972, 35.4361 ], [ 34.31416, 35.57555 ], [ 34.38944, 35.62389 ], [ 34.58604, 35.68861 ], [ 34.56972, 35.64361 ] ] ] } }
]
}
